BD SCORE,LSI SCORE,MI SCORE,B5 SCORE,PERFORMANCE,CID
1.83,1.76,2.43,1.72,Excellent,C1
1.81,1.81,2.42,2.05,  GOOD,C10
1.81,1.79,2.34,1.90,Excellent,C100
1.60,1.79,2.40,2.00,  POOR,C1000
1.60,1.79,2.41,1.90,  POOR,C1001
1.60,1.80,2.30,2.02,Excellent,C1002
1.60,1.79,2.39,1.86,Excellent,C1003
1.60,1.80,2.40,1.96,  GOOD,C1004
1.60,1.79,2.40,1.96,  GOOD,C1005
1.60,1.79,2.37,2.00,Excellent,C1006
1.60,1.76,2.32,1.99,  POOR,C1007
1.60,1.81,2.37,1.88,  POOR,C1008
1.60,1.78,2.35,1.94,  POOR,C1009
1.78,1.80,2.38,1.93,  POOR,C101
1.60,1.72,2.36,1.98,  AVERAGE,C1010
1.60,1.78,2.38,1.96,  GOOD,C1011
1.60,1.77,2.37,1.83,  GOOD,C1012
1.60,1.82,2.37,2.04,Excellent,C1013
1.60,1.76,2.37,1.97,Excellent,C1014
1.60,1.76,2.36,1.93,  POOR,C1015
1.60,1.78,2.29,1.97,  AVERAGE,C1016
1.60,1.78,2.40,2.07,  GOOD,C1017
1.60,1.78,2.40,1.85,  GOOD,C1018
1.60,1.79,2.41,2.03,Excellent,C1019
1.62,1.76,2.24,2.06,Excellent,C102
1.60,1.77,2.33,2.09,  POOR,C1020
1.60,1.76,2.34,1.95,  POOR,C1021
1.69,1.78,2.33,2.08,  POOR,C1022
1.60,1.76,2.40,1.91,  POOR,C1023
1.60,1.79,2.38,2.01,  AVERAGE,C1024
1.60,1.77,2.35,1.98,  AVERAGE,C1025
1.60,1.79,2.39,1.88,Excellent,C1026
1.60,1.83,2.30,1.97,  GOOD,C1027
1.60,1.74,2.44,2.02,  ,C1028
1.60,1.74,2.39,1.98,  ,C1029
1.68,1.78,2.41,1.96,  POOR,C103
1.60,1.81,2.40,1.90,  POOR,C1030
1.60,1.77,2.35,1.98,  POOR,C1031
1.60,1.80,2.40,1.90,  POOR,C1032
1.60,1.79,2.36,1.94,Excellent,C1033
1.60,1.80,2.45,1.89,Excellent,C1034
1.60,1.79,2.33,2.00,Excellent,C1035
1.61,1.95,2.44,2.02,Excellent,C1036
1.60,1.76,2.27,2.08,  GOOD,C1037
1.60,1.78,2.43,1.97,  GOOD,C1038
1.60,1.78,2.33,1.92,  GOOD,C1039
1.70,1.80,2.31,1.97,  AVERAGE,C104
1.60,1.81,2.38,1.95,  POOR,C1040
1.60,1.80,2.42,1.92,  POOR,C1041
1.60,1.81,2.37,1.99,  POOR,C1042
1.60,1.76,2.45,1.94,  POOR,C1043
1.60,1.79,2.39,2.09,  POOR,C1044
1.60,1.79,2.31,1.90,  POOR,C1045
1.60,1.76,2.40,1.95,  POOR,C1046
1.60,1.81,2.31,1.94,  POOR,C1047
1.56,1.72,2.41,1.98,  POOR,C1048
1.60,1.73,2.33,2.05,  POOR,C1049
1.48,1.80,2.32,2.15,  GOOD,C105
1.60,1.77,2.40,2.03,Excellent,C1050
1.60,1.79,2.38,1.93,Excellent,C1051
1.60,1.75,2.36,1.91,  POOR,C1052
1.60,1.77,2.33,1.99,  POOR,C1053
1.60,1.82,2.32,2.00,  AVERAGE,C1054
1.60,1.76,2.33,1.94,  GOOD,C1055
1.60,1.79,2.31,1.98,  GOOD,C1056
1.60,1.75,2.35,2.01,Excellent,C1057
1.63,1.78,2.35,1.79,Excellent,C1058
1.60,1.78,2.41,2.00,Excellent,C1059
1.72,1.76,2.30,2.00,Excellent,C106
1.60,1.79,2.32,2.05,  GOOD,C1060
1.60,1.78,2.33,2.04,  GOOD,C1061
1.60,1.79,2.36,2.00,  GOOD,C1062
1.60,1.79,2.36,2.06,  AVERAGE,C1063
1.60,1.76,2.35,2.00,  POOR,C1064
1.60,1.76,2.36,2.06,  POOR,C1065
1.60,1.74,2.29,2.03,  POOR,C1066
1.60,1.79,2.40,2.00,  GOOD,C1067
1.60,1.79,2.37,2.01,  GOOD,C1068
1.60,1.81,2.39,2.01,  GOOD,C1069
1.65,1.79,2.27,1.98,  GOOD,C107
1.60,1.81,2.33,2.07,  GOOD,C1070
1.60,1.79,2.37,1.90,  GOOD,C1071
1.60,1.79,2.37,2.00,  GOOD,C1072
1.60,1.77,2.37,1.99,  GOOD,C1073
1.60,1.79,2.43,1.94,  GOOD,C1074
1.60,1.79,2.32,2.00,Excellent,C1075
1.60,1.78,2.34,2.00,Excellent,C1076
1.60,1.75,2.38,2.00,Excellent,C1077
1.60,1.80,2.34,1.97,Excellent,C1078
1.60,1.75,2.37,2.05,Excellent,C1079
1.75,1.79,2.32,1.62,Excellent,C108
1.60,1.78,2.40,2.04,Excellent,C1080
1.60,1.78,2.42,2.01,Excellent,C1081
1.60,1.75,2.28,1.97,Excellent,C1082
1.60,1.81,2.34,1.95,  POOR,C1083
1.60,1.80,2.44,1.95,  POOR,C1084
1.60,1.78,2.40,1.98,  POOR,C1085
1.60,1.76,2.38,1.95,  AVERAGE,C1086
1.60,1.78,2.31,2.01,  GOOD,C1087
1.60,1.76,2.41,1.97,  GOOD,C1088
1.60,1.77,2.42,1.89,  AVERAGE,C1089
1.86,1.80,2.09,1.90,  POOR,C109
1.52,1.76,2.40,1.87,  POOR,C1090
1.48,1.76,2.32,2.06,  POOR,C1091
1.67,1.78,2.43,1.88,Excellent,C1092
1.56,1.77,2.39,1.99,Excellent,C1093
1.60,1.79,2.34,1.95,Excellent,C1094
1.60,1.79,2.33,1.95,Excellent,C1095
1.60,1.75,2.37,2.00,Excellent,C1096
1.60,1.82,2.30,2.06,Excellent,C1097
1.57,1.79,2.36,1.80,  AVERAGE,C1098
1.57,1.80,2.41,1.87,  POOR,C1099
1.87,1.74,2.45,1.95,  POOR,C11
1.80,1.79,2.24,1.73,  GOOD,C110
1.60,1.81,2.33,1.99,  GOOD,C1100
1.60,1.77,2.31,2.00,  AVERAGE,C1101
1.60,1.79,2.31,1.88,  GOOD,C1102
1.68,1.79,2.38,1.90,Excellent,C1103
1.60,1.76,2.45,1.92,  GOOD,C1104
1.46,1.80,2.42,1.94,Excellent,C1105
1.60,1.78,2.44,1.97,  POOR,C1106
1.60,1.77,2.39,1.96,  POOR,C1107
1.60,1.78,2.40,2.06,  AVERAGE,C1108
1.60,1.77,2.41,1.98,  GOOD,C1109
1.76,1.79,2.41,2.00,  GOOD,C111
1.64,1.81,2.38,1.96,Excellent,C1110
1.60,1.68,2.36,1.92,Excellent,C1111
1.63,1.80,2.44,1.97,Excellent,C1112
1.60,1.76,2.32,2.00,Excellent,C1113
1.60,1.74,2.35,1.99,Excellent,C1114
1.63,1.76,2.33,2.05,Excellent,C1115
1.60,1.76,2.41,1.84,Excellent,C1116
1.60,1.79,2.40,1.79,Excellent,C1117
1.60,1.77,2.46,1.96,Excellent,C1118
1.49,1.76,2.33,2.03,  POOR,C1119
1.79,1.78,2.31,1.98,  GOOD,C112
1.59,1.81,2.40,1.98,  AVERAGE,C1120
1.60,1.76,2.40,1.92,  GOOD,C1121
1.63,1.77,2.39,1.94,Excellent,C1122
1.60,1.76,2.41,2.03,Excellent,C1123
1.60,1.65,2.37,1.92,Excellent,C1124
1.60,1.79,2.38,1.87,  POOR,C1125
1.60,1.76,2.40,1.84,  POOR,C1126
1.59,1.79,2.46,1.87,Excellent,C1127
1.60,1.77,2.35,2.05,Excellent,C1128
1.60,1.80,2.38,1.95,  GOOD,C1129
1.65,1.77,2.21,2.02,  GOOD,C113
1.60,1.81,2.36,1.94,Excellent,C1130
1.60,1.78,2.32,1.90,  POOR,C1131
1.60,1.80,2.29,1.90,  POOR,C1132
1.60,1.76,2.31,1.97,  POOR,C1133
1.63,1.76,2.65,2.06,  ,C1134
1.60,1.73,2.43,1.92,  GOOD,C1135
1.60,1.76,2.43,1.88,  GOOD,C1136
1.60,1.79,2.30,1.95,Excellent,C1137
1.57,1.77,2.36,1.95,Excellent,C1138
1.60,1.82,2.43,1.96,Excellent,C1139
1.78,1.72,2.49,2.06,  POOR,C114
1.45,1.79,2.26,2.04,  AVERAGE,C1140
1.60,1.76,2.34,1.96,  GOOD,C1141
1.60,1.82,2.38,1.88,Excellent,C1142
1.60,1.76,2.25,1.93,Excellent,C1143
1.60,1.78,2.36,1.96,  GOOD,C1144
1.38,1.78,2.32,1.95,  POOR,C1145
1.71,1.76,2.31,1.94,  POOR,C115
1.63,1.75,2.31,1.95,  POOR,C116
1.73,1.79,2.33,2.03,  POOR,C117
1.66,1.81,2.24,2.00,  ,C118
1.70,1.76,2.35,1.87,  GOOD,C119
1.71,1.76,2.22,1.94,Excellent,C12
1.72,1.76,2.24,2.01,  GOOD,C120
1.79,1.76,2.37,2.02,  GOOD,C121
1.71,1.72,2.44,1.83,  AVERAGE,C122
1.79,1.72,2.45,1.89,  POOR,C123
1.83,1.84,2.32,1.99,  POOR,C124
1.86,1.84,2.31,1.98,  POOR,C125
1.81,1.77,2.36,1.93,  POOR,C126
1.85,1.81,2.47,2.03,Excellent,C127
1.64,1.81,2.54,2.03,Excellent,C128
1.73,1.75,2.41,1.99,Excellent,C129
1.72,1.81,2.41,2.05,Excellent,C13
1.76,1.75,2.39,1.93,  GOOD,C130
1.86,1.65,2.37,1.91,  GOOD,C131
1.64,1.76,2.48,2.00,  GOOD,C132
1.88,1.76,2.13,1.92,  AVERAGE,C133
1.62,1.79,2.40,1.92,  POOR,C134
1.74,1.80,2.44,1.93,  POOR,C135
1.74,1.78,2.31,1.92,  POOR,C136
1.53,1.79,2.35,1.95,  POOR,C137
1.79,1.79,2.37,1.97,  POOR,C138
1.70,1.76,2.38,1.98,  POOR,C139
1.75,1.78,2.41,2.00,  POOR,C14
1.81,1.81,2.37,1.97,  POOR,C140
1.86,1.78,2.39,1.96,  POOR,C141
1.68,1.77,2.41,1.83,  POOR,C142
1.86,1.80,2.41,1.93,  GOOD,C143
1.76,1.75,2.28,1.99,Excellent,C144
1.63,1.77,2.29,1.89,Excellent,C145
1.74,1.79,2.42,2.16,  POOR,C146
1.84,1.79,2.39,2.14,  POOR,C147
1.73,1.80,2.35,1.82,  AVERAGE,C148
1.70,1.76,2.42,1.88,  GOOD,C149
1.83,1.78,2.36,1.99,  GOOD,C15
1.72,1.76,2.33,1.89,Excellent,C150
1.75,1.79,2.37,1.95,Excellent,C151
1.72,1.78,2.43,1.83,Excellent,C152
1.84,1.79,2.33,1.98,Excellent,C153
1.70,1.77,2.34,1.93,  GOOD,C154
1.67,1.76,2.37,1.94,  GOOD,C155
1.63,1.78,2.42,1.83,  GOOD,C156
1.83,1.76,2.39,1.81,  AVERAGE,C157
1.85,1.79,2.37,1.96,  POOR,C158
1.76,1.78,2.45,1.65,  POOR,C159
1.85,1.77,2.32,1.92,  POOR,C16
1.73,1.81,2.37,1.85,  GOOD,C160
1.76,1.77,2.41,1.89,  GOOD,C161
1.73,1.76,2.35,1.90,  GOOD,C162
1.65,1.79,2.34,2.01,  GOOD,C163
1.66,1.78,2.40,1.89,  GOOD,C164
1.76,1.79,2.35,2.00,  GOOD,C165
1.73,1.83,2.39,1.87,  GOOD,C166
1.73,1.81,2.33,1.86,  GOOD,C167
1.70,1.83,2.41,1.94,  GOOD,C168
1.73,1.78,2.35,1.77,Excellent,C169
1.53,1.78,2.42,1.75,Excellent,C17
1.76,1.78,2.33,1.98,Excellent,C170
1.77,1.78,2.32,1.98,Excellent,C171
1.70,1.74,2.41,1.85,Excellent,C172
1.84,1.76,2.32,1.94,Excellent,C173
1.70,1.76,2.38,1.80,Excellent,C174
1.72,1.81,2.32,2.00,Excellent,C175
1.71,1.77,2.39,1.91,Excellent,C176
1.79,1.79,2.34,1.91,  POOR,C177
1.64,1.79,2.26,1.97,  POOR,C178
1.52,1.79,2.39,1.98,  POOR,C179
1.73,1.77,2.41,1.99,  ,C18
1.74,1.66,2.42,2.03,  GOOD,C180
1.78,1.76,2.41,1.92,Excellent,C181
1.70,1.79,2.41,1.99,  AVERAGE,C182
1.87,1.80,2.45,1.85,  POOR,C183
1.80,1.76,2.41,1.93,  POOR,C184
1.84,1.76,2.27,1.97,  POOR,C185
1.59,1.76,2.36,1.97,Excellent,C186
1.72,1.78,2.35,2.00,Excellent,C187
1.64,1.74,2.30,1.83,Excellent,C188
1.73,1.77,2.38,1.94,Excellent,C189
1.81,1.78,2.34,2.00,Excellent,C19
1.71,1.78,2.36,1.88,Excellent,C190
1.73,1.79,2.40,2.00,  AVERAGE,C191
1.54,1.77,2.27,2.01,  ,C192
1.58,1.80,2.28,1.94,  AVERAGE,C193
1.72,1.82,2.35,2.00,  GOOD,C194
1.81,1.77,2.24,1.94,  GOOD,C195
1.77,1.78,2.35,1.99,  GOOD,C196
1.72,1.77,2.40,2.03,  GOOD,C197
1.54,1.79,2.33,2.00,Excellent,C198
1.65,1.79,2.47,1.85,Excellent,C199
1.86,1.78,2.46,1.85,Excellent,C2
1.85,1.79,2.35,1.94,  POOR,C20
1.81,1.78,2.36,2.04,  POOR,C200
1.57,1.79,2.33,1.82,  ,C201
1.67,1.78,2.42,1.98,  GOOD,C202
1.75,1.78,2.41,1.84,Excellent,C203
1.76,1.78,2.38,2.05,Excellent,C204
1.68,1.78,2.34,1.98,Excellent,C205
1.72,1.78,2.35,1.97,Excellent,C206
1.73,1.78,2.33,2.03,Excellent,C207
1.67,1.78,2.37,1.95,Excellent,C208
1.67,1.76,2.39,2.00,Excellent,C209
1.78,1.78,2.38,2.00,Excellent,C21
1.61,1.78,2.38,1.90,Excellent,C210
1.78,1.78,2.45,1.96,Excellent,C211
1.82,1.78,2.42,1.85,  POOR,C212
1.85,1.78,2.36,1.87,Excellent,C213
1.76,1.78,2.38,1.93,  ,C214
1.77,1.78,2.35,1.92,  GOOD,C215
1.79,1.78,2.38,1.79,Excellent,C216
1.72,1.78,2.37,1.88,  GOOD,C217
1.77,1.78,2.29,1.92,  GOOD,C218
1.57,1.80,2.36,1.86,  POOR,C219
1.68,1.78,2.45,1.95,  POOR,C22
1.86,1.78,2.39,1.94,  GOOD,C220
1.77,1.78,2.41,1.96,Excellent,C221
1.74,1.78,2.27,2.02,  GOOD,C222
1.60,1.78,2.37,1.90,  GOOD,C223
1.78,1.78,2.39,1.90,  GOOD,C224
1.75,1.78,2.34,1.94,  POOR,C225
1.59,1.78,2.41,1.93,  POOR,C226
1.84,1.78,2.39,1.96,  POOR,C227
1.71,1.78,2.39,1.96,  POOR,C228
1.70,1.81,2.22,1.96,  AVERAGE,C229
1.53,1.78,2.40,2.03,  GOOD,C23
1.79,1.78,2.39,2.02,  GOOD,C230
1.89,1.78,2.40,1.93,  GOOD,C231
1.82,1.78,2.36,1.90,Excellent,C232
1.74,1.78,2.33,1.89,  POOR,C233
1.52,1.78,2.44,1.84,  AVERAGE,C234
1.86,1.78,2.43,1.92,  GOOD,C235
1.77,1.78,2.40,1.93,  GOOD,C236
1.85,1.78,2.42,1.88,Excellent,C237
1.68,1.78,2.38,2.00,Excellent,C238
1.64,1.76,2.40,1.94,  POOR,C239
1.77,1.78,2.39,1.96,  POOR,C24
1.71,1.78,2.35,1.85,  POOR,C240
1.76,1.78,2.40,1.94,  POOR,C241
1.75,1.78,2.45,1.95,  AVERAGE,C242
1.85,1.78,2.46,1.92,  AVERAGE,C243
1.83,1.78,2.38,1.91,  GOOD,C244
1.73,1.78,2.37,1.85,  GOOD,C245
1.69,1.78,2.35,1.93,  AVERAGE,C246
1.64,1.78,2.42,1.88,  POOR,C247
1.75,1.78,2.43,1.92,  POOR,C248
1.79,1.82,2.37,1.68,  POOR,C249
1.80,1.78,2.38,2.03,  POOR,C25
1.75,1.78,2.37,1.93,  POOR,C250
1.72,1.78,2.45,1.90,Excellent,C251
1.81,1.78,2.41,1.88,Excellent,C252
1.85,1.78,2.41,1.94,Excellent,C253
1.73,1.78,2.41,1.93,Excellent,C254
1.79,1.78,2.39,1.96,  GOOD,C255
1.63,1.78,2.42,1.99,  GOOD,C256
1.81,1.78,2.38,1.99,  GOOD,C257
1.72,1.78,2.38,1.83,  AVERAGE,C258
1.79,1.80,2.35,2.04,  POOR,C259
1.65,1.78,2.39,1.92,  POOR,C26
1.79,1.78,2.42,1.88,  POOR,C260
1.82,1.78,2.34,1.97,  POOR,C261
1.66,1.78,2.33,2.00,  POOR,C262
1.64,1.78,2.32,1.96,  POOR,C263
1.71,1.78,2.47,1.88,  POOR,C264
1.86,1.78,2.43,2.01,  POOR,C265
1.74,1.78,2.38,1.90,  POOR,C266
1.78,1.78,2.42,1.88,  POOR,C267
1.79,1.78,2.36,1.94,  GOOD,C268
1.71,1.76,2.40,1.94,  GOOD,C269
1.69,1.78,2.33,1.86,Excellent,C27
1.59,1.78,2.41,1.85,  POOR,C270
1.72,1.78,2.37,1.88,  POOR,C271
1.65,1.78,2.34,2.01,  POOR,C272
1.76,1.78,2.40,1.93,  AVERAGE,C273
1.69,1.78,2.40,1.73,  GOOD,C274
1.79,1.78,2.41,1.75,  GOOD,C275
1.69,1.78,2.39,1.96,Excellent,C276
1.82,1.78,2.37,1.96,Excellent,C277
1.72,1.78,2.40,1.92,Excellent,C278
1.57,1.79,2.40,1.98,  GOOD,C279
1.76,1.78,2.38,1.83,  GOOD,C28
1.79,1.78,2.41,1.92,  ,C280
1.72,1.78,2.39,1.83,  ,C281
1.67,1.78,2.43,1.94,  POOR,C282
1.85,1.78,2.37,1.79,  POOR,C283
1.69,1.78,2.40,1.92,  POOR,C284
1.85,1.78,2.40,2.08,  GOOD,C285
1.65,1.78,2.41,1.98,  ,C286
1.80,1.78,2.37,1.97,  AVERAGE,C287
1.67,1.78,2.34,1.84,  AVERAGE,C288
1.58,1.77,2.38,1.91,  GOOD,C289
1.81,1.78,2.34,1.97,  GOOD,C29
1.38,1.78,2.36,1.94,  GOOD,C290
1.72,1.78,2.41,1.85,  GOOD,C291
1.69,1.78,2.38,2.00,  GOOD,C292
1.66,1.78,2.39,2.01,Excellent,C293
1.70,1.78,2.38,1.92,  GOOD,C294
1.64,1.78,2.35,1.93,  GOOD,C295
1.53,1.78,2.39,1.77,Excellent,C296
1.45,1.78,2.44,1.94,Excellent,C297
1.81,1.78,2.38,1.91,Excellent,C298
1.81,1.77,2.39,1.79,Excellent,C299
1.76,1.77,2.41,1.96,  GOOD,C3
1.70,1.78,2.34,2.00,  GOOD,C30
1.65,1.78,2.36,1.88,  POOR,C300
1.61,1.78,2.45,1.89,  POOR,C301
1.76,1.78,2.30,1.98,  POOR,C302
1.73,1.78,2.35,1.84,  AVERAGE,C303
1.72,1.78,2.28,2.01,  GOOD,C304
1.60,1.78,2.34,1.87,  GOOD,C305
1.79,1.78,2.43,1.94,  ,C306
1.85,1.78,2.36,1.84,  POOR,C307
1.75,1.78,2.39,1.86,  POOR,C308
1.86,1.77,2.44,2.06,  POOR,C309
1.81,1.78,2.43,1.95,Excellent,C31
1.82,1.78,2.44,1.78,Excellent,C310
1.67,1.78,2.33,1.58,Excellent,C311
1.79,1.78,2.38,1.93,Excellent,C312
1.62,1.78,2.39,1.99,Excellent,C313
1.79,1.78,2.39,2.00,Excellent,C314
1.79,1.78,2.40,1.82,  AVERAGE,C315
1.82,1.78,2.32,1.93,  POOR,C316
1.62,1.78,2.35,1.94,  POOR,C317
1.68,1.78,2.37,1.96,  GOOD,C318
1.74,1.81,2.45,1.87,  GOOD,C319
1.83,1.78,2.42,1.84,  AVERAGE,C32
1.77,1.78,2.39,1.96,  GOOD,C320
1.72,1.78,2.45,1.95,Excellent,C321
1.77,1.78,2.40,1.96,  GOOD,C322
1.59,1.78,2.44,1.92,Excellent,C323
1.70,1.78,2.32,1.93,  POOR,C324
1.58,1.78,2.37,2.00,  POOR,C325
1.77,1.78,2.38,1.94,  AVERAGE,C326
1.77,1.78,2.41,1.94,  GOOD,C327
1.76,1.78,2.34,1.97,  GOOD,C328
1.73,1.80,2.38,2.00,Excellent,C329
1.77,1.78,2.41,1.76,Excellent,C33
1.81,1.78,2.40,1.97,Excellent,C330
1.68,1.78,2.38,1.91,Excellent,C331
1.84,1.78,2.25,1.99,Excellent,C332
1.60,1.78,2.24,1.75,Excellent,C333
1.87,1.78,2.42,1.93,Excellent,C334
1.79,1.78,2.37,2.01,Excellent,C335
1.73,1.78,2.42,1.86,Excellent,C336
1.78,1.78,2.45,1.66,  POOR,C337
1.81,1.78,2.35,1.88,  GOOD,C338
1.79,1.83,2.38,1.93,  AVERAGE,C339
1.76,1.78,2.26,1.90,  GOOD,C34
1.70,1.78,2.35,1.88,Excellent,C340
1.76,1.78,2.47,1.94,Excellent,C341
1.89,1.78,2.38,1.68,Excellent,C342
1.82,1.78,2.38,1.94,  AVERAGE,C343
1.69,1.78,2.43,1.76,  POOR,C344
1.79,1.78,2.39,1.86,Excellent,C345
1.72,1.78,2.43,1.95,Excellent,C346
1.85,1.78,2.43,2.00,  GOOD,C347
1.72,1.78,2.42,1.67,Excellent,C348
1.86,1.81,2.33,1.72,Excellent,C349
1.76,1.73,2.34,1.87,  POOR,C35
1.66,2.50,2.35,1.82,  POOR,C350
1.67,1.78,2.44,2.00,  POOR,C351
1.82,1.77,2.36,1.85,  AVERAGE,C352
1.76,1.81,2.39,1.97,  GOOD,C353
1.83,1.79,2.38,2.01,  GOOD,C354
1.76,1.85,2.44,2.17,Excellent,C355
1.82,1.79,2.35,1.96,Excellent,C356
1.65,1.76,2.40,1.94,Excellent,C357
1.66,1.76,2.45,1.82,  AVERAGE,C358
1.83,1.79,2.34,1.99,  GOOD,C359
1.67,1.79,2.41,1.92,  GOOD,C36
1.81,1.81,2.44,1.98,Excellent,C360
1.86,1.79,2.37,1.91,Excellent,C361
1.77,1.80,2.40,1.95,  AVERAGE,C362
1.76,1.80,2.40,1.88,  POOR,C363
1.70,1.78,2.33,2.04,  POOR,C364
1.71,1.82,2.40,2.26,  AVERAGE,C365
1.67,1.76,2.38,1.83,  POOR,C366
1.66,1.79,2.37,1.89,  GOOD,C367
1.65,1.79,2.41,1.92,  GOOD,C368
1.76,1.76,2.37,1.89,Excellent,C369
1.72,1.77,2.35,1.90,  GOOD,C37
1.79,1.77,2.36,1.98,  GOOD,C370
1.71,1.79,2.27,2.01,  AVERAGE,C371
1.70,1.77,2.44,1.97,  POOR,C372
1.76,1.79,2.39,1.80,  POOR,C373
1.82,1.79,2.18,1.94,  POOR,C374
1.69,1.78,2.37,1.91,  POOR,C375
1.82,1.76,2.35,1.93,Excellent,C376
1.77,1.79,2.39,1.99,  GOOD,C377
1.79,1.80,2.37,1.85,Excellent,C378
1.51,1.77,2.33,1.94,Excellent,C379
1.76,1.76,2.36,1.98,Excellent,C38
1.73,1.78,2.37,1.85,Excellent,C380
1.70,1.79,2.33,1.97,  GOOD,C381
1.73,1.77,2.26,1.98,  GOOD,C382
1.46,1.81,2.34,1.99,  AVERAGE,C383
1.78,1.77,2.30,1.99,  POOR,C384
1.61,1.79,2.43,1.76,  POOR,C385
1.79,1.83,2.38,1.94,  POOR,C386
1.76,2.46,2.38,1.78,  POOR,C387
1.71,2.41,2.40,2.00,  POOR,C388
1.74,1.80,2.43,1.94,  POOR,C389
1.70,1.79,2.37,1.85,  POOR,C39
1.68,1.76,2.31,2.01,  POOR,C390
1.51,2.40,2.40,2.05,  POOR,C391
1.78,1.80,2.36,1.88,  GOOD,C392
1.77,1.81,2.35,1.84,Excellent,C393
1.76,1.78,2.37,1.84,Excellent,C394
1.72,1.81,2.27,2.00,  POOR,C395
1.74,1.81,2.29,1.93,  ,C396
1.72,1.78,2.39,1.90,  ,C397
1.72,1.81,2.36,1.81,  GOOD,C398
1.78,1.83,2.41,2.00,Excellent,C399
1.82,1.79,2.37,1.89,Excellent,C4
1.78,1.81,2.36,1.81,  GOOD,C40
1.76,1.79,2.37,1.94,  GOOD,C400
1.72,1.79,2.37,1.88,Excellent,C401
1.70,1.76,2.28,2.01,Excellent,C402
1.75,1.78,2.37,1.96,Excellent,C403
1.79,1.77,2.37,2.00,  GOOD,C404
1.79,1.76,2.39,1.99,  GOOD,C405
1.66,1.79,2.32,1.81,  AVERAGE,C406
1.86,1.77,2.37,2.01,  POOR,C407
1.71,1.76,2.23,2.00,  POOR,C408
1.52,1.76,2.37,1.97,  GOOD,C409
1.77,1.79,2.33,1.99,  GOOD,C41
1.61,1.81,2.38,2.04,  GOOD,C410
1.65,1.79,2.37,2.02,  GOOD,C411
1.71,1.81,2.28,2.02,Excellent,C412
1.63,1.80,2.33,2.01,Excellent,C413
1.77,1.77,2.21,2.38,Excellent,C414
1.83,1.75,2.21,2.31,Excellent,C415
1.72,1.81,2.33,2.31,  GOOD,C416
1.61,1.81,2.40,1.98,Excellent,C417
1.79,1.82,2.31,1.96,Excellent,C418
1.80,1.76,2.37,1.80,Excellent,C419
1.79,1.75,2.31,1.90,  GOOD,C42
1.79,1.74,2.43,1.88,Excellent,C420
1.81,1.76,2.39,1.84,Excellent,C421
1.80,1.78,2.31,1.84,Excellent,C422
1.68,1.82,2.31,1.96,Excellent,C423
1.80,1.75,2.31,1.90,Excellent,C424
1.79,1.74,2.43,1.88,  POOR,C425
1.81,1.76,2.39,1.84,  POOR,C426
1.80,1.79,2.27,1.97,  AVERAGE,C427
1.76,1.65,2.25,2.06,  GOOD,C428
1.75,1.79,2.31,1.85,  GOOD,C429
1.72,1.75,2.33,2.05,Excellent,C43
1.69,1.76,2.39,1.99,  GOOD,C430
1.73,1.78,2.37,1.94,  AVERAGE,C431
1.78,1.85,2.37,1.94,  POOR,C432
1.85,1.78,2.31,1.94,  POOR,C433
1.79,1.79,2.32,1.87,Excellent,C434
1.77,1.77,2.42,1.86,Excellent,C435
1.85,1.80,2.32,1.99,Excellent,C436
1.73,1.73,2.40,1.99,Excellent,C437
1.88,1.78,2.28,1.96,Excellent,C438
1.78,1.78,2.34,2.04,Excellent,C439
1.72,1.77,2.29,2.03,  GOOD,C44
1.72,1.70,2.27,1.95,  AVERAGE,C440
1.78,1.79,2.39,1.87,  AVERAGE,C441
1.83,1.78,2.38,1.96,  GOOD,C442
1.72,1.79,2.32,1.93,  GOOD,C443
1.85,1.79,2.38,2.00,  GOOD,C444
1.75,1.80,2.41,2.00,  GOOD,C445
1.76,1.76,2.36,2.01,Excellent,C446
1.69,1.77,2.40,1.73,Excellent,C447
1.85,1.79,2.36,1.90,Excellent,C448
1.72,1.76,2.30,1.96,  POOR,C449
1.81,1.76,2.32,1.99,  AVERAGE,C45
1.58,1.80,2.30,2.06,  GOOD,C450
1.77,1.79,2.36,1.89,  GOOD,C451
1.70,1.61,2.33,1.94,Excellent,C452
1.70,1.79,2.42,2.31,Excellent,C453
1.71,1.80,2.39,2.00,  GOOD,C454
1.84,1.77,2.39,1.98,Excellent,C455
1.76,1.79,2.40,1.94,  POOR,C456
1.73,1.77,2.37,1.92,  POOR,C457
1.78,1.72,2.33,1.87,  GOOD,C458
1.73,1.74,2.34,1.94,  AVERAGE,C459
1.67,1.76,2.43,1.82,  AVERAGE,C46
1.76,1.78,2.29,1.83,  GOOD,C460
1.77,1.78,2.41,1.83,  AVERAGE,C461
1.75,1.76,2.41,1.88,Excellent,C462
1.86,1.73,2.43,1.99,  GOOD,C463
1.88,1.76,2.28,2.10,Excellent,C464
1.83,1.79,2.37,1.85,Excellent,C465
1.81,1.77,2.47,1.88,Excellent,C466
1.85,1.76,2.28,1.90,  AVERAGE,C467
1.66,1.76,2.32,1.90,  POOR,C468
1.78,1.83,2.41,2.25,Excellent,C469
1.79,1.79,2.39,2.04,Excellent,C47
1.76,1.78,2.30,1.96,  GOOD,C470
1.77,1.76,2.33,1.93,Excellent,C471
1.68,1.76,2.33,1.96,Excellent,C472
1.78,1.78,2.31,1.88,  POOR,C473
1.72,1.77,2.42,1.62,  POOR,C474
1.77,1.77,2.42,1.96,  POOR,C475
1.68,1.82,2.32,1.99,  AVERAGE,C476
1.75,1.75,2.29,2.05,  GOOD,C477
1.77,1.76,2.39,1.62,  GOOD,C478
1.85,1.76,2.43,2.25,Excellent,C479
1.80,1.77,2.27,1.99,Excellent,C48
1.74,1.78,2.38,1.94,Excellent,C480
1.67,1.75,2.39,1.88,  AVERAGE,C481
1.71,1.73,2.37,1.95,  GOOD,C482
1.72,1.76,2.37,1.91,  GOOD,C483
1.79,1.78,2.41,1.74,Excellent,C484
1.64,1.79,2.41,1.92,Excellent,C485
1.68,1.79,2.31,1.86,  AVERAGE,C486
1.72,1.78,2.39,1.95,  POOR,C487
1.58,1.80,2.40,1.88,  POOR,C488
1.79,1.76,2.36,2.19,  AVERAGE,C489
1.79,1.76,2.41,1.94,  POOR,C49
1.73,1.77,2.39,1.89,  GOOD,C490
1.83,1.78,2.41,1.90,  GOOD,C491
1.81,1.76,2.38,2.03,Excellent,C492
1.72,1.78,2.37,1.96,  GOOD,C493
1.79,1.73,2.37,1.96,  GOOD,C494
1.72,1.77,2.39,1.97,  AVERAGE,C495
1.77,1.79,2.41,1.90,  POOR,C496
1.83,1.81,2.40,1.98,  POOR,C497
1.79,1.79,2.36,1.92,  POOR,C498
1.70,1.78,2.28,2.05,  POOR,C499
1.68,1.73,2.40,2.17,Excellent,C5
1.79,1.79,2.44,1.96,  GOOD,C50
1.81,1.80,2.33,1.93,Excellent,C500
1.73,1.74,2.34,1.89,Excellent,C501
1.78,1.76,2.45,1.99,Excellent,C502
1.79,1.80,2.35,1.80,Excellent,C503
1.72,1.79,2.33,1.99,  GOOD,C504
1.73,1.78,2.36,1.94,  GOOD,C505
1.58,1.83,2.36,1.81,  AVERAGE,C506
1.70,1.79,2.40,1.95,  POOR,C507
1.81,1.76,2.45,1.67,  POOR,C508
1.80,1.78,2.25,1.91,  POOR,C509
1.81,1.79,2.40,1.92,  POOR,C51
1.81,1.77,2.32,1.92,  POOR,C510
1.79,1.79,2.30,1.94,  POOR,C511
1.67,1.79,2.31,1.90,  POOR,C512
1.68,1.76,2.44,1.90,  POOR,C513
1.88,1.75,2.44,1.90,  POOR,C514
1.89,1.76,2.37,1.88,  GOOD,C515
1.79,1.78,2.45,1.81,Excellent,C516
1.73,1.79,2.34,1.99,Excellent,C517
1.82,1.78,2.38,1.99,  POOR,C518
1.81,1.76,2.42,1.82,  ,C519
1.83,1.77,2.40,1.96,  ,C52
1.81,1.77,2.33,1.99,  GOOD,C520
1.61,1.77,2.38,1.85,Excellent,C521
1.81,1.80,2.44,2.06,Excellent,C522
1.76,1.79,2.35,2.17,  GOOD,C523
1.88,1.73,2.39,1.99,  GOOD,C524
1.79,1.79,2.36,1.92,Excellent,C525
1.70,1.79,2.44,1.96,Excellent,C526
1.81,1.80,2.33,1.93,Excellent,C527
1.73,1.74,2.34,1.89,  GOOD,C528
1.78,1.79,2.40,1.97,  GOOD,C529
1.68,1.76,2.45,1.99,  AVERAGE,C53
1.79,1.80,2.35,1.80,  POOR,C530
1.72,1.79,2.33,1.99,  POOR,C531
1.73,1.78,2.36,1.94,  GOOD,C532
1.58,1.83,2.36,1.81,  GOOD,C533
1.70,1.79,2.40,1.95,  GOOD,C534
1.81,1.76,2.45,1.88,  GOOD,C535
1.80,1.79,2.40,1.92,Excellent,C536
1.81,1.77,2.32,1.92,Excellent,C537
1.79,1.79,2.30,1.94,Excellent,C538
1.67,1.78,2.39,1.82,Excellent,C539
1.67,1.79,2.31,1.90,  GOOD,C54
1.68,1.76,2.44,1.90,Excellent,C540
1.88,1.75,2.44,1.90,Excellent,C541
1.89,1.76,2.37,1.88,Excellent,C542
1.79,1.78,2.45,1.81,  GOOD,C543
1.73,1.79,2.34,1.99,Excellent,C544
1.82,1.78,2.38,1.99,Excellent,C545
1.81,1.77,2.40,1.96,Excellent,C546
1.81,1.77,2.33,1.99,Excellent,C547
1.61,1.77,2.38,1.85,Excellent,C548
1.81,1.75,2.42,1.85,  POOR,C549
1.74,1.80,2.44,2.06,  POOR,C55
1.76,1.79,2.35,2.17,  AVERAGE,C550
1.88,1.73,2.39,1.99,  GOOD,C551
1.79,1.81,2.35,1.86,  GOOD,C552
1.60,1.77,2.29,2.00,Excellent,C553
1.60,1.75,2.41,1.92,  GOOD,C554
1.60,1.77,2.34,1.95,  AVERAGE,C555
1.60,1.79,2.40,1.95,  POOR,C556
1.60,1.76,2.33,2.00,  POOR,C557
1.60,1.79,2.40,1.90,Excellent,C558
1.60,1.79,2.33,1.90,Excellent,C559
1.78,1.75,2.31,1.89,Excellent,C56
1.60,1.80,2.36,1.98,Excellent,C560
1.60,1.81,2.40,2.00,Excellent,C561
1.60,1.81,2.34,1.92,Excellent,C562
1.60,1.76,2.43,1.94,  GOOD,C563
1.60,1.76,2.34,1.93,  AVERAGE,C564
1.60,1.80,2.35,1.92,  AVERAGE,C565
1.60,1.74,2.39,1.94,  GOOD,C566
1.60,1.75,2.29,1.99,  GOOD,C567
1.60,1.78,2.37,1.96,  GOOD,C568
1.60,1.76,2.18,1.94,  GOOD,C569
1.79,1.74,2.36,2.00,Excellent,C57
1.60,1.72,2.42,2.00,Excellent,C570
1.60,1.71,2.40,1.92,Excellent,C571
1.63,1.78,2.37,2.02,  POOR,C572
1.59,1.75,2.32,1.88,  AVERAGE,C573
1.72,1.79,2.38,2.03,  GOOD,C574
1.60,1.76,2.33,1.97,  GOOD,C575
1.60,1.75,2.39,1.90,Excellent,C576
1.60,1.79,2.28,1.89,Excellent,C577
1.60,1.78,2.39,1.90,  GOOD,C578
1.60,1.78,2.27,1.99,Excellent,C579
1.74,1.76,2.41,1.86,  POOR,C58
1.60,1.76,2.33,1.89,  POOR,C580
1.60,1.81,2.35,1.96,  GOOD,C581
1.60,1.76,2.38,1.97,  AVERAGE,C582
1.60,1.79,2.28,1.97,  AVERAGE,C583
1.60,1.76,2.34,1.89,  GOOD,C584
1.67,1.79,2.33,1.85,  AVERAGE,C585
1.57,1.78,2.36,1.90,Excellent,C586
1.60,1.79,2.36,1.93,  GOOD,C587
1.60,1.78,2.30,1.97,Excellent,C588
1.60,1.76,2.33,1.70,Excellent,C589
1.73,1.80,2.38,1.97,Excellent,C59
1.60,1.74,2.37,2.02,  GOOD,C590
1.60,1.78,2.35,1.95,  GOOD,C591
1.60,1.76,2.27,2.03,  ,C592
1.60,1.76,2.36,1.86,  ,C593
1.60,1.77,2.34,1.93,  POOR,C594
1.60,1.76,2.32,1.95,  POOR,C595
1.60,1.76,2.28,2.04,  POOR,C596
1.59,1.78,2.36,2.00,  GOOD,C597
1.60,1.79,2.36,1.92,  ,C598
1.60,1.75,2.40,1.76,  AVERAGE,C599
1.65,1.77,2.33,1.94,  AVERAGE,C6
1.73,1.76,2.39,1.93,  GOOD,C60
1.60,1.78,2.28,1.91,  GOOD,C600
1.60,1.78,2.37,1.91,  GOOD,C601
1.60,1.76,2.40,1.96,  GOOD,C602
1.60,1.79,2.31,1.96,  GOOD,C603
1.60,1.76,2.36,2.06,Excellent,C604
1.60,1.78,2.43,1.85,  GOOD,C605
1.60,1.76,2.36,2.01,  GOOD,C606
1.60,1.78,2.37,1.84,Excellent,C607
1.60,1.79,2.38,1.98,Excellent,C608
1.60,1.75,2.28,1.94,Excellent,C609
1.75,1.78,2.38,1.90,Excellent,C61
1.60,1.76,2.40,2.02,  GOOD,C610
1.60,1.76,2.40,2.08,  GOOD,C611
1.51,1.79,2.40,1.87,  POOR,C612
1.60,1.78,2.41,2.00,  POOR,C613
1.60,1.79,2.40,1.99,  POOR,C614
1.61,1.81,2.40,1.90,  AVERAGE,C615
1.60,1.81,2.39,1.88,  GOOD,C616
1.59,1.79,2.36,1.94,  GOOD,C617
1.52,1.79,2.41,1.95,  ,C618
1.60,1.81,2.38,1.94,  POOR,C619
1.73,1.76,2.36,1.88,  POOR,C62
1.60,1.77,2.42,1.88,  POOR,C620
1.60,1.79,2.36,1.94,Excellent,C621
1.60,1.81,2.29,1.97,Excellent,C622
1.60,1.79,2.38,1.90,Excellent,C623
1.60,1.75,2.39,2.00,Excellent,C624
1.57,1.79,2.33,1.96,Excellent,C625
1.60,1.79,2.33,1.98,Excellent,C626
1.60,1.77,2.38,2.06,  AVERAGE,C627
1.60,1.79,2.41,2.00,  POOR,C628
1.61,1.77,2.28,1.94,  POOR,C629
1.73,1.76,2.40,1.92,  GOOD,C63
1.60,1.76,2.39,2.00,  GOOD,C630
1.60,1.76,2.40,1.96,  AVERAGE,C631
1.60,1.80,2.37,2.01,  GOOD,C632
1.60,1.79,2.28,1.98,Excellent,C633
1.60,1.77,2.40,1.87,  GOOD,C634
1.60,1.78,2.33,1.92,Excellent,C635
1.60,1.78,2.38,2.00,  POOR,C636
1.60,1.83,2.14,2.00,  POOR,C637
1.60,1.76,2.39,1.92,  AVERAGE,C638
1.60,1.76,2.33,1.86,  GOOD,C639
1.79,1.76,2.35,2.01,  GOOD,C64
1.60,1.76,2.36,1.92,Excellent,C640
1.60,1.76,2.32,2.00,Excellent,C641
1.60,1.78,2.38,2.00,Excellent,C642
1.60,1.77,2.34,1.91,Excellent,C643
1.60,1.79,2.33,1.99,Excellent,C644
1.67,1.79,2.32,1.96,Excellent,C645
1.60,1.81,2.34,2.00,Excellent,C646
1.30,1.76,2.37,1.92,Excellent,C647
1.60,1.79,2.27,1.99,Excellent,C648
1.61,1.77,2.31,1.95,  POOR,C649
1.63,1.81,2.38,1.99,  GOOD,C65
1.60,1.75,2.40,1.98,  AVERAGE,C650
1.60,1.78,2.36,2.05,  GOOD,C651
1.60,1.80,2.35,2.07,Excellent,C652
1.60,1.79,2.44,1.98,Excellent,C653
1.60,1.79,2.33,1.99,Excellent,C654
1.60,1.75,2.41,2.12,  AVERAGE,C655
1.60,1.75,2.41,1.85,  POOR,C656
1.60,1.79,2.39,2.03,Excellent,C657
1.60,1.76,2.37,2.02,Excellent,C658
1.60,1.78,2.33,2.04,  GOOD,C659
1.74,1.76,2.35,2.00,Excellent,C66
1.60,1.81,2.39,2.03,Excellent,C660
1.60,1.76,2.35,2.08,  POOR,C661
1.60,1.81,2.37,2.03,  POOR,C662
1.60,1.76,2.37,1.92,  POOR,C663
1.60,1.78,2.34,1.96,  AVERAGE,C664
1.60,1.80,2.38,2.03,  GOOD,C665
1.60,1.78,2.37,1.94,  GOOD,C666
1.60,1.80,2.34,1.95,Excellent,C667
1.60,1.79,2.38,2.02,Excellent,C668
1.57,1.73,2.35,1.98,Excellent,C669
1.78,1.80,2.34,2.25,  AVERAGE,C67
1.60,1.75,2.41,1.95,  GOOD,C670
1.60,1.77,2.46,1.96,  GOOD,C671
1.60,1.77,2.40,1.95,Excellent,C672
1.60,1.79,2.46,1.83,Excellent,C673
1.60,1.77,2.43,1.99,  AVERAGE,C674
1.60,1.79,2.41,2.04,  POOR,C675
1.60,1.78,2.40,1.97,  POOR,C676
1.60,1.77,2.40,1.96,  AVERAGE,C677
1.60,1.80,2.31,1.97,  POOR,C678
1.60,1.80,2.48,2.03,  GOOD,C679
1.72,1.79,2.37,2.04,  GOOD,C68
1.60,1.76,2.33,1.89,Excellent,C680
1.59,1.76,2.33,1.93,  GOOD,C681
1.49,1.82,2.32,1.97,  GOOD,C682
1.52,1.78,2.40,2.05,  AVERAGE,C683
1.60,1.79,2.37,1.94,  POOR,C684
1.57,1.76,2.42,1.92,  POOR,C685
1.60,1.75,2.41,1.99,  POOR,C686
1.60,1.79,2.34,1.97,  POOR,C687
1.60,1.73,2.36,2.02,Excellent,C688
1.60,1.80,2.45,1.88,  GOOD,C689
1.79,1.79,2.36,1.95,Excellent,C69
1.60,1.77,2.41,1.99,Excellent,C690
1.60,1.73,2.39,2.06,Excellent,C691
1.60,1.78,2.42,1.88,Excellent,C692
1.60,1.81,2.36,1.88,  GOOD,C693
1.60,1.79,2.41,1.97,  GOOD,C694
1.60,1.73,2.38,2.01,  AVERAGE,C695
1.60,1.77,2.33,1.99,  POOR,C696
1.60,1.77,2.34,1.95,  POOR,C697
1.60,1.75,2.34,1.52,  POOR,C698
1.60,1.79,2.33,1.82,  POOR,C699
1.67,1.80,2.31,1.95,  POOR,C7
1.68,1.80,2.42,1.93,  POOR,C70
1.60,1.77,2.33,1.99,  POOR,C700
1.63,1.77,2.35,1.98,  POOR,C701
1.60,1.79,2.37,2.09,  POOR,C702
1.60,1.76,2.39,2.00,  GOOD,C703
1.60,1.76,2.38,1.92,Excellent,C704
1.60,1.77,2.34,2.01,Excellent,C705
1.60,1.76,2.39,1.93,  POOR,C706
1.60,1.79,2.45,1.90,  ,C707
1.60,1.81,2.41,1.97,  ,C708
1.60,1.79,2.30,1.81,  GOOD,C709
1.85,1.78,2.41,1.86,Excellent,C71
1.60,1.77,2.37,1.94,Excellent,C710
1.60,1.76,2.32,2.02,  GOOD,C711
1.60,1.79,2.37,1.93,  GOOD,C712
1.60,1.80,2.38,2.03,Excellent,C713
1.60,1.81,2.37,2.09,Excellent,C714
1.60,1.80,2.37,1.97,Excellent,C715
1.60,1.77,2.33,1.98,  GOOD,C716
1.60,1.79,2.37,1.91,  GOOD,C717
1.60,1.77,2.33,2.00,  AVERAGE,C718
1.60,1.81,2.32,1.99,  POOR,C719
1.81,1.77,2.41,1.95,  POOR,C72
1.60,1.81,2.42,1.99,  GOOD,C720
1.60,1.79,2.40,1.93,  GOOD,C721
1.61,1.85,2.38,1.97,  GOOD,C722
1.60,1.79,2.36,2.02,  GOOD,C723
1.60,1.76,2.44,2.03,Excellent,C724
1.60,1.76,2.44,1.99,Excellent,C725
1.60,1.79,2.36,2.01,Excellent,C726
1.60,1.81,2.43,1.98,Excellent,C727
1.60,1.79,2.44,1.99,  GOOD,C728
1.60,1.80,2.48,2.03,Excellent,C729
1.72,1.80,2.42,1.99,Excellent,C73
1.60,1.80,2.33,2.00,Excellent,C730
1.60,1.78,2.41,1.99,  GOOD,C731
1.60,1.82,2.37,1.95,Excellent,C732
1.59,1.76,2.41,1.93,Excellent,C733
1.60,1.79,2.40,1.94,Excellent,C734
1.63,1.79,2.38,1.98,Excellent,C735
1.57,1.77,2.36,2.03,Excellent,C736
1.60,1.77,2.36,1.91,  POOR,C737
1.59,1.79,2.41,1.86,  POOR,C738
1.60,1.79,2.31,1.88,  AVERAGE,C739
1.70,1.77,2.28,2.08,  GOOD,C74
1.60,1.79,2.34,2.02,  GOOD,C740
1.60,1.79,2.37,1.99,Excellent,C741
1.60,1.78,2.38,1.96,  GOOD,C742
1.60,1.76,2.44,1.96,  AVERAGE,C743
1.60,1.79,2.38,1.98,  POOR,C744
1.60,1.80,2.36,1.97,  POOR,C745
1.60,1.76,2.36,1.87,Excellent,C746
1.60,1.78,2.35,1.97,Excellent,C747
1.60,1.79,2.39,2.00,Excellent,C748
1.60,1.80,2.35,1.94,Excellent,C749
1.68,1.77,2.36,2.03,Excellent,C75
1.62,1.81,2.43,1.86,Excellent,C750
1.60,1.77,2.36,1.94,  GOOD,C751
1.60,1.79,2.35,1.90,  AVERAGE,C752
1.60,1.83,2.41,1.92,  AVERAGE,C753
1.60,1.79,2.32,1.92,  GOOD,C754
1.60,1.70,2.40,1.92,  GOOD,C755
1.60,1.79,2.35,2.02,  GOOD,C756
1.60,1.76,2.44,1.92,  GOOD,C757
1.60,1.72,2.39,1.99,Excellent,C758
1.60,1.74,2.40,1.95,Excellent,C759
1.74,1.80,2.41,2.00,Excellent,C76
1.60,1.81,2.43,2.02,  POOR,C760
1.60,1.78,2.33,2.02,  AVERAGE,C761
1.60,1.81,2.36,1.98,  GOOD,C762
1.60,1.81,2.35,1.98,  GOOD,C763
1.60,1.78,2.41,2.00,Excellent,C764
1.60,1.81,2.41,1.95,Excellent,C765
1.61,1.81,2.38,1.96,  GOOD,C766
1.60,1.79,2.32,1.92,Excellent,C767
1.60,1.79,2.27,1.99,  POOR,C768
1.63,1.80,2.34,1.90,  POOR,C769
1.53,1.76,2.40,1.99,  GOOD,C77
1.60,1.78,2.35,1.99,  AVERAGE,C770
1.60,1.77,2.45,2.00,  AVERAGE,C771
1.60,1.76,2.31,1.99,  GOOD,C772
1.65,1.76,2.44,1.97,  AVERAGE,C773
1.60,1.78,2.37,2.00,Excellent,C774
1.60,1.76,2.41,1.98,  GOOD,C775
1.59,1.78,2.40,1.92,Excellent,C776
1.60,1.79,2.39,2.00,Excellent,C777
1.57,1.78,2.38,1.98,Excellent,C778
1.60,1.77,2.38,2.02,  AVERAGE,C779
1.76,1.76,2.35,1.99,  POOR,C78
1.60,1.76,2.33,1.96,Excellent,C780
1.60,1.79,2.31,1.99,Excellent,C781
1.60,1.78,2.41,2.00,  GOOD,C782
1.60,1.79,2.32,1.96,Excellent,C783
1.60,1.81,2.38,1.99,Excellent,C784
1.59,1.81,2.38,1.97,  POOR,C785
1.60,1.79,2.39,1.99,  POOR,C786
1.60,1.79,2.40,2.01,  POOR,C787
1.60,1.76,2.38,2.03,  AVERAGE,C788
1.60,1.75,2.36,1.96,  GOOD,C789
1.76,1.77,2.35,2.02,  GOOD,C79
1.60,1.79,2.46,1.98,Excellent,C790
1.60,1.81,2.37,1.99,Excellent,C791
1.60,1.79,2.38,1.93,Excellent,C792
1.60,1.75,2.37,2.02,  AVERAGE,C793
1.60,1.79,2.36,1.97,  GOOD,C794
1.60,1.79,2.41,1.99,  GOOD,C795
1.60,1.77,2.42,1.97,Excellent,C796
1.60,1.79,2.33,1.99,Excellent,C797
1.60,1.76,2.42,1.96,  AVERAGE,C798
1.60,1.76,2.38,1.95,  POOR,C799
1.66,1.80,2.33,1.98,  POOR,C8
1.73,1.76,2.34,1.98,  AVERAGE,C80
1.60,1.76,2.33,1.98,  POOR,C800
1.60,1.80,2.33,1.99,  GOOD,C801
1.59,1.79,2.39,2.00,  GOOD,C802
1.60,1.77,2.37,1.99,Excellent,C803
1.56,1.78,2.34,1.95,  GOOD,C804
1.60,1.78,2.42,1.93,  GOOD,C805
1.60,1.83,2.41,1.97,  AVERAGE,C806
1.60,1.76,2.39,2.00,  POOR,C807
1.60,1.76,2.39,1.98,  POOR,C808
1.60,1.72,2.39,1.91,  POOR,C809
1.77,1.76,2.45,2.00,  POOR,C81
1.60,1.76,2.35,1.97,Excellent,C810
1.60,1.78,2.42,1.99,  GOOD,C811
1.60,1.77,2.42,2.00,Excellent,C812
1.59,1.79,2.32,2.00,Excellent,C813
1.60,1.79,2.39,1.99,Excellent,C814
1.60,1.81,2.32,1.99,Excellent,C815
1.60,1.76,2.41,1.94,  GOOD,C816
1.60,1.79,2.32,2.03,  GOOD,C817
1.60,1.81,2.35,2.05,  AVERAGE,C818
1.60,1.74,2.31,1.95,  POOR,C819
1.73,1.75,2.39,1.95,  POOR,C82
1.60,1.78,2.34,1.92,  POOR,C820
1.60,1.80,2.37,2.01,  POOR,C821
1.60,1.79,2.40,2.01,  POOR,C822
1.60,1.79,2.41,1.99,  POOR,C823
1.60,1.75,2.39,2.00,  POOR,C824
1.60,1.75,2.46,1.96,  POOR,C825
1.60,1.79,2.33,2.03,  POOR,C826
1.60,1.76,2.41,1.96,  GOOD,C827
1.60,1.76,2.34,1.98,Excellent,C828
1.60,1.79,2.36,1.96,Excellent,C829
1.83,1.81,2.35,2.00,  POOR,C83
1.60,1.76,2.34,2.04,  ,C830
1.60,1.81,2.41,2.00,  ,C831
1.60,1.76,2.42,2.01,  GOOD,C832
1.60,1.78,2.30,2.01,Excellent,C833
1.60,1.80,2.39,2.02,Excellent,C834
1.60,1.78,2.29,1.96,  GOOD,C835
1.60,1.80,2.36,1.98,  GOOD,C836
1.60,1.79,2.42,2.03,Excellent,C837
1.60,1.80,2.40,2.03,Excellent,C838
1.60,1.80,2.38,2.01,Excellent,C839
1.66,1.75,2.39,1.98,  GOOD,C84
1.60,1.77,2.42,1.97,  GOOD,C840
1.51,1.77,2.36,1.96,  AVERAGE,C841
1.60,1.79,2.36,2.02,  POOR,C842
1.60,1.77,2.35,2.00,  POOR,C843
1.60,1.79,2.38,2.03,  GOOD,C844
1.60,1.78,2.37,1.95,  GOOD,C845
1.61,1.77,2.40,2.03,  GOOD,C846
1.60,1.80,2.39,1.96,  GOOD,C847
1.60,1.79,2.42,1.99,Excellent,C848
1.60,1.77,2.37,1.86,Excellent,C849
1.73,1.76,2.41,1.96,Excellent,C85
1.60,1.76,2.35,1.99,Excellent,C850
1.60,1.82,2.37,2.01,  GOOD,C851
1.60,1.78,2.36,2.00,Excellent,C852
1.60,1.79,2.39,2.04,Excellent,C853
1.60,1.76,2.41,1.99,Excellent,C854
1.60,1.75,2.41,1.99,  GOOD,C855
1.60,1.79,2.40,1.98,Excellent,C856
1.60,1.73,2.40,1.99,Excellent,C857
1.60,1.79,2.39,2.03,Excellent,C858
1.60,1.78,2.35,1.85,Excellent,C859
1.62,1.77,2.42,2.01,Excellent,C86
1.61,1.73,2.34,1.97,  POOR,C860
1.60,1.78,2.42,1.97,  POOR,C861
1.60,1.81,2.37,1.96,  AVERAGE,C862
1.60,1.79,2.35,1.92,  GOOD,C863
1.60,1.73,2.41,1.95,  GOOD,C864
1.61,1.77,2.41,2.01,Excellent,C865
1.60,1.77,2.40,1.94,  GOOD,C866
1.59,1.75,2.36,1.99,  AVERAGE,C867
1.60,1.80,2.39,1.98,  POOR,C868
1.60,1.75,2.37,1.91,  POOR,C869
1.57,1.77,2.40,1.96,Excellent,C87
1.60,1.77,2.36,2.00,Excellent,C870
1.60,1.79,2.38,1.90,Excellent,C871
1.60,1.76,2.42,1.99,Excellent,C872
1.60,1.76,2.45,1.97,Excellent,C873
1.60,1.77,2.42,1.95,Excellent,C874
1.60,1.76,2.36,2.01,  GOOD,C875
1.57,1.79,2.38,1.93,  AVERAGE,C876
1.60,1.81,2.33,2.00,  AVERAGE,C877
1.60,1.78,2.35,1.97,  GOOD,C878
1.60,1.76,2.39,1.69,  GOOD,C879
1.77,1.77,2.36,2.00,  GOOD,C88
1.60,1.76,2.41,1.95,  GOOD,C880
1.60,1.79,2.45,1.99,Excellent,C881
1.60,1.80,2.38,1.98,Excellent,C882
1.60,1.81,2.41,1.97,Excellent,C883
1.57,1.80,2.29,2.03,  POOR,C884
1.60,1.77,2.38,2.02,  AVERAGE,C885
1.59,1.79,2.37,2.00,  GOOD,C886
1.60,1.77,2.41,1.95,  GOOD,C887
1.60,1.79,2.39,2.00,Excellent,C888
1.60,1.76,2.41,1.94,Excellent,C889
1.65,1.77,2.36,1.95,  GOOD,C89
1.60,1.76,2.39,1.98,Excellent,C890
1.60,1.79,2.28,1.97,  POOR,C891
1.59,1.81,2.37,1.97,  POOR,C892
1.60,1.79,2.35,2.00,  GOOD,C893
1.60,1.81,2.41,1.96,  AVERAGE,C894
1.60,1.80,2.33,2.00,  AVERAGE,C895
1.61,1.77,2.37,1.96,Excellent,C896
1.60,1.75,2.41,1.99,Excellent,C897
1.60,1.81,2.32,1.95,Excellent,C898
1.63,1.78,2.46,1.85,  GOOD,C899
1.85,1.78,2.32,1.98,  GOOD,C9
1.67,1.81,2.36,1.91,  ,C90
1.60,1.82,2.39,2.03,  ,C900
1.60,1.75,2.27,1.95,  POOR,C901
1.43,1.74,2.40,1.97,  POOR,C902
1.60,1.76,2.37,1.93,  POOR,C903
1.52,1.82,2.34,2.00,  GOOD,C904
1.60,1.75,2.40,1.97,  ,C905
1.60,1.74,2.42,1.99,  AVERAGE,C906
1.60,1.76,2.35,1.97,  AVERAGE,C907
1.60,1.79,2.39,1.98,  GOOD,C908
1.59,1.79,2.37,1.90,  GOOD,C909
1.72,1.65,2.40,1.95,  GOOD,C91
1.63,1.75,2.37,1.99,  GOOD,C910
1.60,1.76,2.33,1.98,  GOOD,C911
1.60,1.78,2.40,1.96,Excellent,C912
1.60,1.76,2.42,2.01,  GOOD,C913
1.59,1.79,2.35,1.98,  GOOD,C914
1.60,1.77,2.39,1.90,Excellent,C915
1.60,1.81,2.44,2.00,Excellent,C916
1.59,1.77,2.38,1.99,Excellent,C917
1.60,1.76,2.45,1.99,Excellent,C918
1.60,1.78,2.40,1.81,  GOOD,C919
1.68,1.79,2.37,1.98,  GOOD,C92
1.60,1.78,2.38,2.02,  POOR,C920
1.60,1.79,2.37,2.03,  POOR,C921
1.60,1.83,2.37,2.05,  POOR,C922
1.61,1.81,2.46,1.97,  AVERAGE,C923
1.49,1.83,2.46,1.97,  GOOD,C924
1.60,1.78,2.37,2.00,  GOOD,C925
1.49,1.78,2.42,2.03,  ,C926
1.60,1.78,2.37,2.00,  POOR,C927
1.60,1.74,2.41,1.98,  POOR,C928
1.60,1.79,2.27,2.06,  POOR,C929
1.62,1.76,2.33,2.01,Excellent,C93
1.60,1.76,2.36,1.99,Excellent,C930
1.59,1.81,2.36,1.93,Excellent,C931
1.54,1.79,2.39,2.00,Excellent,C932
1.60,1.79,2.32,1.97,Excellent,C933
1.60,1.77,2.31,1.89,Excellent,C934
1.23,1.79,2.41,1.90,  AVERAGE,C935
1.34,1.80,2.37,1.95,  POOR,C936
1.81,1.75,2.38,1.84,  POOR,C937
1.36,1.79,2.39,1.98,  GOOD,C938
1.26,1.79,2.37,1.93,  GOOD,C939
1.73,1.80,2.39,1.73,  AVERAGE,C94
1.32,1.81,2.41,1.91,  GOOD,C940
1.28,1.75,2.32,2.01,Excellent,C941
1.20,1.77,2.44,1.93,  GOOD,C942
1.40,1.79,2.36,2.02,Excellent,C943
1.20,1.79,2.42,2.00,  POOR,C944
1.60,1.80,2.37,1.86,  POOR,C945
1.60,1.78,2.38,2.01,  AVERAGE,C946
1.60,1.75,2.41,1.97,  GOOD,C947
1.60,1.79,2.39,1.96,  GOOD,C948
1.60,1.79,2.41,1.93,Excellent,C949
1.87,1.76,2.42,1.86,Excellent,C95
1.60,1.73,2.48,1.98,Excellent,C950
1.60,1.79,2.32,2.00,Excellent,C951
1.60,1.79,2.29,2.07,Excellent,C952
1.60,1.74,2.42,1.98,Excellent,C953
1.60,1.77,2.36,1.88,Excellent,C954
1.60,1.79,2.41,1.93,Excellent,C955
1.60,1.81,2.36,1.94,Excellent,C956
1.60,1.77,2.25,1.88,  POOR,C957
1.60,1.77,2.36,1.96,  GOOD,C958
1.60,1.81,2.43,1.90,  AVERAGE,C959
1.73,1.73,2.36,1.97,  GOOD,C96
1.60,1.74,2.29,1.98,Excellent,C960
1.60,1.80,2.41,2.03,Excellent,C961
1.60,1.78,2.32,1.98,Excellent,C962
1.61,1.79,2.38,1.95,  AVERAGE,C963
1.60,1.77,2.37,1.90,  POOR,C964
1.60,1.80,2.36,1.90,Excellent,C965
1.60,1.79,2.31,1.90,Excellent,C966
1.60,1.80,2.31,1.91,  GOOD,C967
1.60,1.80,2.42,2.00,Excellent,C968
1.60,1.77,2.37,2.00,Excellent,C969
1.79,1.77,2.37,1.88,  POOR,C97
1.60,1.78,2.32,1.92,  POOR,C970
1.60,1.78,2.37,1.93,  POOR,C971
1.57,1.75,2.40,1.95,  AVERAGE,C972
1.60,1.81,2.37,1.90,  GOOD,C973
1.60,1.76,2.40,1.98,  GOOD,C974
1.60,1.78,2.31,1.94,Excellent,C975
1.60,1.79,2.40,2.07,Excellent,C976
1.60,1.77,2.32,1.99,Excellent,C977
1.60,1.76,2.37,1.97,  AVERAGE,C978
1.60,1.79,2.38,1.93,  GOOD,C979
1.76,1.82,2.38,2.06,  GOOD,C98
1.60,1.79,2.42,1.81,Excellent,C980
1.60,1.77,2.34,2.05,Excellent,C981
1.60,1.81,2.40,1.96,  AVERAGE,C982
1.60,1.77,2.40,2.02,  POOR,C983
1.60,1.79,2.25,1.91,  POOR,C984
1.60,1.77,2.34,2.03,  AVERAGE,C985
1.60,1.76,2.37,1.96,  POOR,C986
1.60,1.79,2.36,1.93,  GOOD,C987
1.60,1.80,2.38,1.90,  GOOD,C988
1.60,1.76,2.43,1.98,Excellent,C989
1.81,1.77,2.37,1.87,  GOOD,C99
1.60,1.73,2.43,2.00,  GOOD,C990
1.60,1.79,2.31,1.92,  AVERAGE,C991
1.60,1.77,2.38,1.99,  POOR,C992
1.60,1.76,2.32,2.01,  POOR,C993
1.60,1.78,2.40,1.98,  POOR,C994
1.61,1.81,2.33,1.97,  POOR,C995
1.60,1.72,2.38,1.90,Excellent,C996
1.60,1.80,2.38,2.05,  GOOD,C997
1.60,1.77,2.40,1.96,Excellent,C998
1.60,1.79,2.40,2.01,Excellent,C999
