CID,BL,BR,FL,FR,CE,RO,AC,AE,X,Y,Lin,Lo,Mu,Bo,Vi,Inter,Intra,Na,F1,F2,F3,F4,F5
C1,17,19,16,15,10,18,17,13,-5,7,34,37,35,25,32,34,35,36,6,10,15,13,9
C10,18,17,12,18,13,22,15,15,-7,2,34,33,38,30,28,31,37,34,17,23,19,28,24
C100,17,17,17,13,15,17,15,14,-3,0,27,24,27,26,24,25,29,36,18,17,14,13,18
C1000,11,9,13,7,19,20,13,10,-10,-6,33,33,26,31,32,33,35,26,24,26,8,17,26
C1001,12,8,13,7,13,17,14,18,1,1,36,34,33,33,32,32,32,27,16,16,12,12,24
C1002,9,9,13,8,19,12,17,15,3,-2,21,26,26,26,21,31,21,27,16,23,24,20,21
C1003,11,3,13,13,15,16,15,15,-1,0,27,29,33,28,35,32,27,34,8,13,16,12,23
C1004,13,8,11,8,11,21,19,12,-9,8,32,25,39,30,32,32,29,33,18,23,16,18,16
C1005,7,11,9,13,12,14,18,18,4,6,30,32,31,29,32,35,30,31,11,25,15,15,25
C1006,7,9,15,9,14,18,16,13,-5,2,30,24,38,30,28,29,30,27,16,23,22,16,24
C1007,8,9,13,9,15,13,13,17,4,-2,26,23,26,23,26,26,25,32,21,20,24,14,19
C1008,13,4,12,11,20,15,14,15,0,-6,25,31,31,30,27,31,27,30,11,21,13,12,19
C1009,7,11,13,9,17,15,16,12,-3,-1,25,34,31,26,27,28,27,28,18,23,20,13,14
C101,14,16,16,14,12,23,14,14,-9,2,36,26,39,29,28,29,29,26,14,11,24,17,19
C1010,8,12,12,8,13,11,13,16,5,0,25,28,26,31,27,28,31,31,16,19,19,16,26
C1011,9,12,7,12,15,14,13,18,4,-2,32,31,25,34,26,38,27,29,20,22,12,24,14
C1012,9,11,9,11,10,13,14,22,9,4,31,33,36,27,24,32,33,21,9,14,13,15,17
C1013,9,11,15,5,21,15,16,14,-1,-5,27,24,32,32,35,30,27,25,22,20,25,14,29
C1014,4,9,15,12,12,15,13,18,3,1,39,35,28,28,28,28,27,24,25,23,14,11,21
C1015,12,5,11,12,14,16,14,14,-2,0,27,25,26,30,30,33,30,26,14,24,15,11,21
C1016,8,11,9,12,16,11,14,19,8,-2,26,27,35,30,23,29,25,31,20,17,14,19,23
C1017,7,8,15,11,13,21,18,8,-13,5,39,34,30,28,29,28,31,35,18,33,21,22,24
C1018,9,9,16,5,12,13,18,17,4,6,27,35,35,26,26,37,35,32,9,22,21,8,10
C1019,11,11,12,7,11,20,17,13,-7,6,28,30,36,31,31,36,35,30,10,24,27,22,23
C102,11,11,10,10,12,17,18,11,-6,6,22,21,22,22,22,18,21,24,22,23,24,22,23
C1020,8,5,12,15,13,18,18,10,-8,5,25,24,28,24,26,31,27,30,21,32,28,21,22
C1021,9,11,13,7,9,15,19,14,-1,10,35,35,26,21,21,34,26,21,5,27,20,17,20
C1022,13,12,15,9,16,11,10,23,12,-6,26,22,26,26,21,34,30,29,21,31,28,22,19
C1023,9,8,13,9,10,15,18,14,-1,8,33,33,32,25,31,31,37,27,11,13,21,12,25
C1024,8,9,16,7,20,12,14,16,4,-6,29,28,35,28,27,26,30,35,18,28,23,14,20
C1025,13,8,12,7,10,13,18,18,5,8,23,27,21,34,29,33,29,27,16,16,24,15,24
C1026,7,8,17,8,16,16,15,15,-1,-1,31,28,31,32,34,28,29,34,9,19,15,8,24
C1027,8,7,15,11,22,14,17,14,0,-5,27,25,27,22,25,23,22,27,17,21,22,12,22
C1028,8,11,12,9,12,12,20,11,-1,8,37,35,34,34,34,37,31,35,13,33,22,17,20
C1029,12,7,12,9,16,13,15,11,-2,-1,31,31,33,28,29,26,28,39,19,18,20,20,19
C103,11,15,15,7,13,13,20,14,1,7,37,21,33,32,30,41,41,20,18,19,22,16,17
C1030,11,12,12,5,18,17,15,14,-3,-3,31,32,32,33,32,33,29,31,16,16,19,7,22
C1031,8,8,13,11,16,14,14,15,1,-2,27,32,26,31,24,28,26,31,16,23,18,14,24
C1032,8,11,13,8,13,14,14,22,8,1,27,30,36,35,34,31,33,28,26,14,18,22,28s
C1033,7,9,13,11,19,10,13,20,10,-6,26,32,32,32,26,24,34,25,31,14,16,9,18
C1034,15,7,15,4,21,12,15,15,3,-6,35,35,36,32,39,35,36,35,11,22,13,11,20
C1035,11,8,9,12,16,12,15,18,6,-1,29,26,21,30,22,23,30,31,30,25,12,14,19
C1036,9,8,11,13,19,17,28,26,9,9,37,26,32,34,35,38,37,36,20,12,16,22,34
C1037,3,16,9,12,18,14,13,12,-2,-5,18,29,32,27,27,29,27,26,33,22,27,16,21
C1038,8,11,13,8,14,7,22,17,10,8,34,33,35,45,32,31,28,31,22,11,23,20,18
C1039,12,8,12,8,18,12,15,15,3,-3,35,25,25,33,36,29,32,29,11,12,28,8,24
C104,13,14,11,12,16,17,13,17,0,-3,30,26,26,23,26,26,24,23,36,36,8,7,7
C1040,11,8,12,9,15,12,18,19,7,3,31,31,25,27,36,32,30,29,16,19,13,17,25
C1041,7,9,15,9,20,16,14,13,-3,-6,26,38,34,31,34,35,31,36,28,16,10,7,22
C1042,9,7,16,8,16,16,14,18,2,-2,31,24,28,29,30,33,29,30,11,22,22,20,22
C1043,12,9,15,4,12,13,18,15,2,6,34,37,38,37,35,34,35,35,17,19,7,13,32
C1044,4,11,15,11,13,15,13,20,5,0,25,36,20,29,32,32,33,37,32,29,20,20,23
C1045,7,8,13,12,16,15,13,18,3,-3,32,24,23,24,24,28,25,25,10,27,15,9,18
C1046,12,13,11,4,16,11,13,17,6,-3,30,33,28,33,33,33,32,30,21,13,19,12,25
C1047,8,4,15,13,19,16,16,14,-2,-3,31,29,34,26,28,29,28,28,22,18,15,12,20
C1048,7,7,13,9,14,16,8,15,-1,-6,34,31,34,26,32,38,35,27,26,30,13,8,18
C1049,9,8,12,11,16,10,14,14,4,-2,29,27,34,32,31,30,29,29,28,23,20,23,17
C105,16,6,6,2,18,15,16,14,-1,-2,23,29,27,25,26,28,27,23,33,32,25,23,29
C1050,8,15,11,7,14,19,15,11,-8,1,34,35,26,35,29,33,33,27,21,22,21,21,22
C1051,9,7,13,11,17,15,12,18,3,-5,33,26,34,29,29,30,32,29,14,22,11,17,22
C1052,11,7,15,8,10,18,13,15,-3,3,26,28,35,29,26,32,21,34,12,31,11,10,18
C1053,7,8,17,8,15,16,11,17,1,-4,31,28,32,24,25,26,22,27,11,26,25,20,16
C1054,16,4,11,9,15,18,20,13,-5,5,21,28,19,21,26,27,31,34,22,19,19,19,21
C1055,13,8,12,7,19,12,14,13,1,-5,27,30,24,23,30,26,28,24,13,26,13,17,18
C1056,8,9,13,9,15,11,18,17,6,3,25,23,27,19,25,28,28,28,21,15,18,21,21
C1057,8,11,16,5,15,14,14,13,-1,-1,30,29,31,30,36,29,33,36,18,27,26,12,20
C1058,15,7,13,8,17,11,18,14,3,1,36,32,36,27,30,29,31,33,21,17,14,9,28s
C1059,13,5,16,5,15,16,16,13,-3,1,31,31,36,31,35,33,30,31,8,19,23,23,27
C106,12,12,16,12,15,10,17,15,5,2,25,26,26,25,26,26,24,23,18,22,24,16,21
C1060,9,11,15,5,17,9,17,19,10,0,26,26,20,22,27,24,32,34,34,25,14,15,24
C1061,12,8,13,7,14,19,11,16,-3,-3,30,28,18,22,23,26,32,33,27,25,18,21,19
C1062,12,4,16,8,17,10,17,17,7,0,30,26,31,20,28,32,30,31,29,27,12,7,25
C1063,12,1,15,12,13,17,17,15,-2,4,28,32,34,23,24,34,26,29,17,27,24,23,24
C1064,13,8,15,4,13,14,14,16,2,1,26,30,28,24,30,30,25,30,24,25,14,9,28
C1065,7,9,15,9,17,9,12,19,10,-5,23,28,33,31,30,32,22,32,23,24,27,21,21
C1066,12,12,9,7,16,6,14,19,13,-2,23,30,21,30,20,25,26,18,24,21,26,12,25
C1067,11,12,12,5,13,14,16,18,4,3,29,31,34,27,32,37,33,28,20,18,19,21,21
C1068,11,4,15,11,22,11,11,18,7,-11,30,26,33,28,28,37,26,27,20,19,22,18,23
C1069,12,7,12,9,18,16,17,14,-2,-1,31,28,31,26,36,35,28,31,20,18,20,22,22
C107,11,15,9,10,16,17,13,15,-2,-3,24,23,22,25,23,22,24,25,18,23,15,17,22
C1070,8,12,4,16,19,10,19,16,6,0,26,29,35,26,27,22,23,24,29,21,22,22,23
C1071,8,13,8,11,20,14,15,13,-1,-5,37,29,29,29,22,27,34,30,17,16,11,17,19
C1072,15,5,11,9,17,12,14,18,6,-3,29,30,34,26,27,28,31,31,26,27,16,15,16
C1073,4,12,12,12,12,14,16,17,3,4,31,25,29,32,26,33,28,31,17,24,16,20,20
C1074,19,8,5,8,16,12,17,16,4,1,33,33,38,30,34,32,34,33,16,10,15,22,24
C1075,12,9,14,5,16,18,15,13,-5,-1,29,28,36,30,30,28,29,29,19,17,15,36,13
C1076,9,9,15,7,15,19,14,12,-7,-1,24,31,33,27,30,33,26,15,7,26,25,28,15
C1077,11,7,15,8,16,12,13,15,3,-3,29,32,32,31,27,32,31,27,26,21,15,16,23
C1078,4,15,12,9,19,16,15,13,-3,-4,33,27,36,31,30,33,29,31,18,23,17,14,22
C1079,9,9,15,7,16,16,13,11,-5,-3,36,32,24,25,28,28,28,31,29,26,23,9,25
C108,11,18,15,12,18,16,14,14,-2,-4,24,24,25,31,27,23,31,25,8,9,9,9,7
C1080,9,7,15,9,16,15,15,14,-1,-1,35,35,28,31,30,29,33,31,29,18,20,20,22
C1081,16,3,13,8,17,15,14,14,-1,-3,32,31,37,37,27,37,30,31,18,19,24,17,24
C1082,7,8,15,11,14,19,11,12,-7,-3,27,27,32,23,26,24,29,31,18,23,18,13,22
C1083,11,4,16,9,17,14,14,20,6,-3,39,31,32,27,30,31,29,31,16,22,20,16,16
C1084,7,9,19,5,12,18,15,18,0,3,34,36,38,36,29,32,30,39,16,22,20,16,16
C1085,13,4,15,8,13,17,17,13,-4,4,31,35,36,20,32,35,33,32,29,25,5,13,23
C1086,11,11,12,7,14,20,11,13,-7,-3,33,31,29,30,30,31,30,26,17,22,7,21,23
C1087,9,13,11,7,16,13,19,12,-1,3,28,34,25,25,31,29,28,31,23,23,22,14,20
C1088,9,11,15,5,13,12,16,16,4,3,33,32,35,32,27,33,35,32,17,28,16,9,23
C1089,12,8,8,12,14,15,13,17,2,-1,31,44,36,25,30,34,31,30,15,21,7,12,23
C109,20,20,15,18,18,15,20,10,-5,2,24,13,12,12,14,19,8,21,16,18,15,17,14
C1090,11,7,12,4,12,15,17,14,-1,5,33,33,23,31,28,37,30,36,12,11,21,15,15
C1091,5,2,15,8,17,9,13,18,9,-4,31,31,21,25,22,28,31,19,21,19,22,27,27
C1092,12,9,19,7,17,12,16,15,3,-1,33,37,28,33,34,35,31,36,12,22,15,7,20
C1093,15,5,11,5,12,17,19,11,-6,7,25,31,33,33,29,34,31,29,21,16,24,15,22
C1094,12,9,9,9,12,16,15,18,2,3,29,31,21,28,17,31,30,33,23,17,15,17,17
C1095,13,9,9,8,17,13,13,19,6,-4,15,29,24,28,23,30,33,33,27,12,11,18,22
C1096,11,12,13,4,11,19,13,13,-6,2,25,32,29,29,29,34,26,32,20,27,16,19,17
C1097,9,7,15,9,14,18,15,19,1,1,27,24,23,28,24,21,22,30,16,29,25,23,22
C1098,7,5,17,7,18,10,17,17,7,-1,24,29,27,28,30,30,33,30,7,14,13,7,22
C1099,7,7,13,9,14,18,14,17,-1,0,23,36,38,33,31,35,30,32,8,16,20,6,24
C11,19,19,19,17,15,12,16,12,0,1,31,32,39,37,37,35,30,40,14,23,20,9,24
C110,17,17,14,15,19,10,13,19,9,-6,25,25,25,19,23,27,17,14,9,17,8,12,8
C1100,12,11,9,8,16,14,18,17,3,2,27,32,33,26,24,33,18,23,11,27,24,17,19
C1101,11,7,13,9,12,14,13,20,6,1,27,28,26,27,29,29,32,37,33,20,11,17,20
C1102,5,9,16,9,12,18,17,15,-3,5,30,21,29,26,26,30,21,23,16,13,18,8,21
C1103,8,16,16,8,13,21,18,9,-12,5,22,32,27,25,32,33,33,35,11,23,17,9,20
C1104,11,8,13,8,17,15,9,17,2,-8,31,42,33,34,37,36,34,35,12,23,21,12,16
C1105,9,8,5,7,21,10,15,17,7,-6,30,35,34,31,33,30,34,38,26,18,14,15,14
C1106,12,8,11,9,18,17,9,16,-1,-9,36,35,38,30,26,40,37,34,23,20,20,14,17
C1107,9,9,7,15,16,16,15,12,-4,-1,38,34,32,31,30,28,24,28,23,15,19,12,22
C1108,5,9,9,16,20,13,12,15,2,-8,30,35,32,31,33,25,31,36,25,27,23,20,21
C1109,11,8,13,8,12,12,15,20,8,3,32,28,35,28,27,38,38,34,22,23,14,12,24
C111,15,14,15,14,13,13,18,17,4,5,37,21,33,32,30,41,41,20,20,20,20,20,20
C1110,15,8,13,8,16,19,15,14,-5,-1,29,32,34,28,24,32,30,29,33,15,5,14,25
C1111,11,9,15,5,17,11,12,8,-3,-5,26,32,27,19,27,30,31,36,22,13,23,7,18
C1112,5,16,12,9,13,18,16,16,-2,3,29,30,39,36,36,35,37,32,11,25,24,19,15
C1113,15,7,15,4,14,17,13,14,-3,-1,24,35,25,26,18,26,25,28,28,10,17,21,24
C1114,12,8,11,9,12,15,13,15,0,1,27,24,35,31,25,32,24,24,20,20,15,22,20
C1115,7,13,15,8,16,13,14,14,1,-2,25,33,28,25,30,30,20,24,27,20,21,16,29
C1116,13,9,8,9,14,14,16,14,0,2,36,31,33,28,35,37,21,38,5,25,15,13,11
C1117,12,8,12,8,15,18,13,16,-2,-2,30,34,34,29,28,36,31,32,10,25,13,13,28s
C1118,7,9,15,9,12,17,18,12,-5,6,37,37,39,37,33,35,35,37,15,18,21,14,23
C1119,9,3,11,8,14,14,15,15,1,1,26,33,24,25,25,26,27,29,28,23,11,24,20
C112,16,17,13,16,18,12,16,14,2,-2,26,23,28,26,27,24,25,23,23,18,20,14,20
C1120,9,12,11,7,18,17,13,16,-1,-5,29,31,38,27,30,32,31,31,17,28,16,12,22
C1121,12,1,9,17,13,13,19,13,0,6,34,28,37,31,30,31,30,33,22,14,13,16,18
C1122,12,5,13,13,12,16,17,14,-2,5,32,30,35,26,30,33,27,34,8,20,27,9,24
C1123,13,9,13,4,14,18,14,12,-6,0,13,34,39,33,36,34,36,35,20,23,17,23,25
C1124,12,13,8,7,12,11,15,7,-4,3,27,31,23,29,31,33,30,29,14,17,15,20,17
C1125,12,11,8,9,17,15,17,13,-2,0,30,30,33,27,26,31,31,31,15,19,19,14,7
C1126,11,8,13,8,15,19,8,16,-3,-7,26,30,36,34,24,35,32,33,9,20,15,9,16
C1127,7,9,15,8,17,13,16,15,2,-1,36,34,40,34,36,36,36,37,12,17,15,8,22
C1128,13,7,11,9,16,12,12,19,7,-4,28,27,34,19,28,32,27,29,11,20,23,30,29
C1129,9,8,17,5,14,18,14,17,-1,0,29,29,30,27,27,34,27,35,17,20,22,18,12
C113,15,20,6,4,17,18,14,10,-8,-3,20,25,20,20,15,20,21,23,22,18,21,21,22
C1130,12,7,11,11,17,16,19,12,-4,2,28,32,31,30,25,30,28,26,19,13,16,19,21
C1131,8,5,15,12,18,13,13,16,3,-5,22,30,33,17,21,30,30,25,17,18,10,13,22
C1132,9,7,12,12,15,19,15,14,-5,0,32,28,28,24,29,25,29,31,13,25,14,11,16
C1133,13,4,16,7,15,16,16,11,-5,1,30,34,29,25,27,29,32,27,28,17,18,10,21
C1134,8,9,13,12,14,15,17,11,-4,3,31,31,38,24,30,32,231,26,16,24,27,26,21
C1135,15,3,9,13,12,14,13,15,1,1,35,34,29,27,38,34,37,37,9,16,27,13,18
C1136,13,8,8,11,11,16,15,16,0,4,26,39,36,31,30,35,35,35,15,14,12,11,24
C1137,13,7,12,8,12,16,18,15,-1,6,27,26,32,27,28,28,29,32,14,13,20,17,25
C1138,13,5,9,9,17,12,15,15,3,-2,37,28,36,32,26,29,36,32,8,13,22,17,29
C1139,9,16,7,8,13,17,19,17,0,6,34,34,36,30,30,37,36,33,11,26,15,15,25
C114,13,11,20,16,8,5,19,20,15,11,35,40,38,40,40,37,40,40,17,24,23,17,35
C1140,3,3,15,8,17,12,17,15,3,0,22,24,29,24,20,20,22,23,19,28,18,20,25
C1141,9,15,13,3,18,12,14,14,2,-4,29,22,35,26,24,32,27,23,10,21,26,18,17
C1142,11,7,15,8,13,16,19,18,2,6,27,35,26,24,31,35,31,30,11,17,11,17,20
C1143,9,5,19,7,14,12,21,10,-2,7,32,33,36,31,21,29,29,24,5,24,19,18,20
C1144,12,4,17,7,17,13,16,14,1,-1,28,31,27,35,31,25,27,23,25,21,14,10,22
C115,13,14,14,10,16,15,17,12,-3,1,25,15,30,31,18,45,14,30,20,22,23,11,14
C116,10,10,10,13,12,15,11,19,4,-1,25,15,30,31,16,45,30,14,15,11,12,22,27
C117,13,14,14,13,17,15,11,13,-2,-6,25,15,23,22,30,31,45,14,20,22,23,11,14
C118,10,13,11,12,17,18,13,14,-4,-4,20,28,24,28,29,18,38,28,15,22,26,25,20
C119,14,15,12,9,12,20,17,16,-4,5,24,19,20,23,21,20,23,22,21,18,21,19,21
C12,10,13,12,16,15,15,18,10,-5,3,22,31,25,35,28,27,30,28,8,23,13,6,24
C120,16,15,11,11,19,16,8,14,-2,-11,22,21,22,22,21,21,14,22,19,18,17,16,17
C121,15,16,16,14,12,18,15,13,-5,3,22,21,22,22,22,18,22,26,21,20,20,20,21
C122,15,16,6,14,14,15,16,13,-2,2,29,33,30,26,29,27,34,27,20,21,22,20,21
C123,15,17,14,16,11,14,11,17,3,0,36,38,32,34,32,36,32,38,13,13,13,14,15
C124,16,16,18,17,11,14,11,17,3,0,37,32,38,34,36,37,31,36,13,13,13,14,25
C125,18,17,19,18,15,15,14,25,10,-1,26,27,34,19,21,32,23,27,21,21,18,17,20
C126,19,14,15,16,15,15,14,25,10,-1,26,27,34,19,21,32,23,24,21,20,18,17,20
C127,17,18,19,17,15,18,9,17,-1,-6,32,20,40,22,25,30,26,32,11,17,15,13,29
C128,4,12,14,14,18,13,16,18,5,-2,34,40,29,42,33,39,40,41,19,22,18,24,25
C129,16,14,10,14,18,13,16,18,5,-2,40,50,60,50,40,35,40,30,20,19,25,21,23
C13,12,14,13,13,15,9,14,18,9,-1,29,29,32,39,31,35,39,25,11,20,21,22,24
C130,17,19,12,10,18,13,16,18,5,-2,24,40,37,36,21,26,34,38,19,22,18,24,29
C131,18,18,19,17,10,17,14,15,-2,4,33,27,38,24,22,34,28,38,11,17,15,13,29
C132,13,11,9,11,12,13,9,11,-2,-3,33,22,30,40,27,14,33,38,20,18,16,16,12
C133,17,18,20,20,11,12,14,21,9,3,38,38,39,36,38,37,40,36,17,21,17,18,26
C134,12,12,10,8,13,13,14,18,5,1,15,20,22,23,21,19,19,18,15,24,14,9,21
C135,13,18,13,11,14,14,16,17,3,2,33,30,44,25,23,35,29,32,8,25,12,11,28
C136,15,14,12,14,16,14,15,18,4,-1,32,60,31,21,27,36,36,33,14,22,14,11,24
C137,10,11,6,7,17,15,16,12,-3,-1,24,32,16,22,22,30,26,30,22,20,7,9,26
C138,13,16,17,15,19,11,12,20,9,-7,22,34,27,25,25,34,33,25,17,19,19,15,20
C139,8,14,18,10,14,13,16,18,5,2,28,22,29,37,25,27,30,38,17,18,23,15,21
C14,11,18,14,13,15,17,13,13,-4,-2,31,36,32,28,25,31,28,30,13,18,22,21,22
C140,14,20,15,16,13,16,18,13,-3,5,29,27,38,31,33,38,30,29,8,19,37,14,21
C141,19,20,16,18,20,14,13,17,3,-7,30,31,31,27,29,29,24,31,23,19,15,16,20
C142,10,15,13,10,15,16,16,13,-3,1,28,28,30,29,31,30,37,31,20,10,21,18,22
C143,17,18,18,19,17,13,16,13,0,-1,36,34,29,27,22,43,32,32,10,13,15,10,20
C144,10,16,13,18,15,17,19,12,-5,4,33,33,40,30,32,32,30,26,18,15,19,16,18
C145,14,13,9,7,15,9,13,19,10,-2,23,20,24,27,23,28,25,21,18,20,20,12,28
C146,19,16,7,13,13,20,17,9,-11,4,28,23,25,30,28,23,28,10,11,20,13,13,21
C147,18,19,17,15,16,14,15,16,2,-1,33,39,30,28,32,37,36,26,26,27,31,26,34
C148,14,14,15,11,14,15,16,17,2,2,22,31,30,29,33,35,37,30,26,27,31,19,34
C149,12,14,11,13,14,14,20,15,1,6,28,25,23,26,29,29,32,30,10,9,17,7,23
C15,17,16,16,19,12,14,13,19,5,1,30,37,34,33,33,31,35,33,8,17,9,12,29
C150,15,15,9,13,20,15,12,13,-2,-8,27,40,30,19,20,24,36,33,27,20,10,21,19
C151,16,18,12,10,12,14,19,12,-2,7,27,27,24,27,24,43,25,19,16,14,16,14,17
C152,12,18,12,11,14,15,16,17,2,2,30,26,30,27,28,30,30,32,21,22,17,20,10
C153,16,20,14,19,15,12,19,14,2,4,34,34,31,36,32,36,35,31,8,11,9,16,23
C154,9,15,13,13,15,21,11,14,-7,-4,27,36,23,23,32,22,26,26,23,23,18,14,17
C155,15,17,10,5,16,13,13,17,4,-3,28,30,28,25,24,31,27,24,20,13,16,15,22
C156,12,12,9,10,10,18,17,13,-5,7,24,31,33,32,28,28,29,29,17,17,17,6,30
C157,16,18,17,16,16,14,15,15,1,-1,31,32,37,30,29,35,31,37,12,11,12,11,22
C158,18,19,15,19,14,14,15,15,1,1,31,32,26,34,23,36,31,35,6,16,11,9,22
C159,10,19,15,14,13,19,16,13,-6,3,30,26,31,25,29,32,31,30,15,19,24,15,19
C16,19,17,16,19,14,16,17,13,-3,3,35,32,35,34,34,44,36,35,5,8,8,5,19
C160,17,16,10,11,17,17,15,10,-7,-2,29,27,24,25,21,28,32,25,17,17,14,13,22
C161,12,14,17,14,15,18,14,17,-1,-1,30,26,29,27,26,35,25,34,8,11,14,18,20
C162,14,15,14,11,14,15,19,11,-4,5,32,29,33,35,29,32,33,34,12,15,17,11,23
C163,13,17,10,5,9,16,21,11,-5,12,29,35,24,30,29,32,26,21,19,16,13,7,24
C164,12,15,10,9,15,19,14,13,-6,-1,33,26,30,37,18,29,27,17,16,27,18,19,22
C165,18,16,11,12,14,16,18,12,-4,4,33,32,37,24,32,31,32,33,14,14,20,7,22
C166,16,13,8,17,14,15,15,17,2,1,34,35,24,24,26,21,32,30,23,24,10,18,25
C167,15,16,10,13,21,17,17,13,-4,-4,34,34,33,25,31,31,31,25,9,14,17,14,20
C168,14,14,7,15,18,15,14,17,2,-4,29,28,23,28,29,27,27,24,14,12,16,16,14
C169,17,12,14,11,15,18,20,14,-4,5,29,31,34,27,31,27,38,38,20,9,20,15,23
C17,11,9,4,10,16,12,17,15,3,1,23,29,32,40,21,27,23,27,9,14,11,12,13
C170,16,16,12,13,13,13,17,17,4,4,28,46,28,26,30,36,34,34,9,9,15,13,10
C171,15,16,13,15,15,14,16,15,1,1,26,29,18,34,24,31,23,29,9,23,26,19,18
C172,11,15,13,11,15,13,20,12,-1,5,23,26,32,21,26,28,30,24,16,19,22,20,18
C173,18,17,16,18,11,8,19,17,9,8,34,34,29,34,32,24,33,36,11,13,8,15,24
C174,14,13,11,12,12,21,11,13,-8,-1,26,34,32,21,17,34,22,23,11,13,13,23,28
C175,15,13,11,13,16,15,16,10,-5,0,28,29,32,32,26,33,27,31,7,13,13,8,22
C176,11,15,12,13,16,11,18,20,9,2,26,26,20,31,25,36,24,20,22,20,25,11,22
C177,17,14,15,16,13,12,16,18,6,3,27,32,31,29,29,32,27,40,17,18,12,9,26
C178,11,13,9,11,10,19,20,13,-6,10,24,21,35,25,27,35,22,29,12,15,22,13,20
C179,10,13,5,5,13,20,15,14,-6,2,19,28,23,25,17,26,27,18,22,18,17,11,25
C18,13,17,15,9,14,18,13,16,-2,-1,29,31,30,31,32,33,31,30,16,19,20,19,22
C180,13,17,14,11,15,11,18,15,4,3,37,26,36,29,31,32,32,34,19,25,17,17,19
C181,12,17,17,14,16,15,15,,-15,-1,28,37,36,27,34,30,27,42,21,26,28,12,20
C182,14,16,10,10,14,10,19,15,5,5,33,34,33,33,36,29,32,29,7,23,17,10,27
C183,17,20,20,17,18,13,16,15,2,-2,34,34,33,28,34,32,29,32,20,20,15,19,23
C184,12,16,18,17,14,20,11,18,-2,-3,37,33,39,35,37,34,40,28,11,15,10,19,15
C185,18,18,14,19,11,20,14,13,-7,3,31,36,31,32,33,29,30,35,20,9,14,17,26
C186,12,11,7,9,16,7,17,18,11,1,22,23,28,23,20,24,27,21,25,15,7,22,24
C187,12,14,13,14,15,18,15,10,-8,0,23,28,36,28,28,23,33,32,27,13,23,13,17
C188,11,14,10,9,14,11,21,14,3,7,28,34,30,29,26,21,28,28,18,24,14,15,29
C189,13,17,14,10,12,15,17,11,-4,5,20,25,18,29,25,31,21,32,12,15,14,9,17
C19,14,16,19,15,14,10,16,19,9,2,32,27,25,38,47,3,29,38,17,20,19,8,24
C190,15,15,13,8,18,13,10,19,6,-8,32,23,33,25,29,22,30,23,27,25,18,12,17
C191,13,12,15,14,13,16,18,13,-3,5,23,33,28,32,23,32,25,32,11,17,17,14,16
C192,6,11,11,7,18,15,15,13,-2,-3,29,35,34,32,30,32,28,34,23,17,23,21,17
C193,9,10,8,11,15,19,16,9,-10,1,24,23,19,22,27,23,24,24,13,25,22,18,25
C194,15,17,15,6,25,9,15,14,5,-10,23,24,28,28,19,17,28,22,15,11,22,21,19
C195,14,16,16,19,17,14,12,23,9,-5,28,31,26,26,30,29,24,29,17,23,21,20,18
C196,17,14,18,10,17,10,19,13,3,2,15,25,24,24,16,28,25,16,27,10,20,10,20
C197,15,15,11,12,14,20,14,12,-8,0,29,30,17,24,23,34,30,35,19,20,17,17,24
C198,11,13,8,3,16,16,18,9,-7,2,26,38,35,26,36,31,30,27,19,25,20,23,19
C199,13,13,7,12,17,16,14,15,-1,-3,26,32,22,24,22,29,31,30,28,13,14,15,29
C2,14,20,19,19,14,17,19,12,-5,5,36,35,37,39,40,40,34,37,11,14,14,11,20
C20,17,19,18,16,13,14,17,16,2,4,36,39,35,36,35,35,36,35,11,11,17,8,23
C200,16,19,16,14,18,15,15,13,-2,-3,27,27,29,32,27,29,26,29,17,17,18,15,21
C201,11,12,7,7,16,15,15,14,-1,-1,30,31,24,32,28,29,29,28,22,25,22,22,19
C202,15,18,9,5,10,19,17,15,-4,7,34,27,26,24,24,26,28,24,11,12,15,11,17
C203,10,16,14,16,17,15,14,14,-1,-3,33,29,37,29,35,34,31,34,15,19,21,20,21
C204,16,14,14,14,16,15,16,13,-2,0,35,31,26,28,33,32,36,36,17,12,12,7,21
C205,13,11,13,11,14,15,14,17,2,0,26,26,34,33,29,27,31,34,26,23,25,17,21
C206,14,15,15,8,14,13,18,15,2,4,29,29,31,27,27,23,29,26,25,18,18,14,20
C207,17,13,13,11,17,14,14,15,1,-3,31,27,27,25,23,34,29,26,21,19,17,18,18
C208,14,16,8,9,15,13,18,14,1,3,25,27,25,31,22,31,34,21,24,18,21,24,20
C209,13,13,12,9,15,14,18,13,-1,3,26,31,28,31,28,28,29,34,19,18,16,19,17
C21,14,14,17,15,11,14,16,17,3,5,28,29,38,39,31,30,25,26,19,20,20,20,21
C210,12,13,7,9,14,15,18,13,-2,4,29,33,26,31,26,29,34,32,18,19,20,19,23
C211,13,19,15,13,15,16,16,13,-3,1,29,27,30,34,31,33,30,27,11,19,13,14,22
C212,18,19,13,16,13,14,18,15,1,5,34,32,38,34,39,35,37,35,22,9,13,22,26
C213,19,17,17,18,15,16,16,13,-3,1,34,32,34,29,29,39,32,37,8,12,16,14,20
C214,15,16,13,13,14,15,14,17,2,0,27,27,33,30,28,35,26,21,8,18,20,15,13
C215,13,17,12,17,16,17,12,15,-2,-4,30,28,36,28,29,31,31,27,8,15,18,21,24
C216,13,18,17,14,15,13,16,16,3,1,30,24,31,29,27,26,30,28,12,17,19,19,17
C217,14,15,12,12,16,17,12,15,-2,-4,28,29,19,35,28,36,34,32,5,14,12,13,18
C218,12,17,15,15,17,15,12,16,1,-5,25,35,22,29,32,32,32,27,15,9,20,14,18
C219,10,12,8,7,14,13,18,15,2,4,22,27,22,21,24,29,26,24,15,17,12,14,25
C22,14,14,9,11,16,15,17,15,0,1,29,23,23,24,26,36,36,32,5,11,14,11,32
C220,19,18,19,16,13,16,16,15,-1,3,38,31,37,35,35,33,37,34,12,17,19,19,23
C221,15,17,14,13,16,17,12,15,-2,-4,31,32,30,37,33,28,29,26,14,14,22,16,22
C222,13,15,12,15,15,14,14,17,3,-1,32,34,37,32,32,33,24,36,16,20,24,14,18
C223,11,15,8,6,17,15,12,16,1,-5,22,20,27,21,22,29,24,21,21,19,20,23,21
C224,13,19,14,14,13,14,18,15,1,5,26,31,33,33,24,36,32,22,8,20,14,17,21
C225,15,14,12,15,16,15,12,17,2,-4,31,32,28,25,31,33,30,35,10,21,17,9,23
C226,12,12,8,7,15,14,18,13,-1,3,22,35,27,29,24,29,24,27,17,19,7,18,26
C227,17,19,16,17,13,15,16,16,1,3,32,38,31,34,28,34,33,27,18,13,11,23,21
C228,13,16,11,11,15,14,18,13,-1,3,31,27,35,27,28,33,31,31,22,21,16,7,26
C229,13,12,10,15,14,15,18,13,-2,4,31,31,33,29,29,29,29,33,24,14,15,12,26
C23,10,12,5,7,19,13,14,18,5,-5,19,18,18,24,12,31,29,15,11,17,18,26,19
C230,14,13,17,17,14,15,14,17,2,0,33,37,26,29,32,28,31,36,27,24,22,20,14
C231,17,20,20,20,17,16,12,15,-1,-5,30,34,33,26,28,32,29,36,13,23,21,20,27
C232,15,19,19,13,15,16,16,13,-3,1,33,30,27,30,34,36,26,35,9,19,18,15,25
C233,12,17,12,14,16,15,16,13,-2,0,31,25,24,31,30,34,28,24,9,17,20,15,19
C234,9,13,7,4,14,15,18,13,-2,4,31,26,27,19,26,26,31,28,19,17,6,15,20
C235,17,19,17,19,16,15,12,17,2,-4,33,31,36,35,36,36,34,36,10,17,13,10,19
C236,12,17,14,16,13,14,18,15,1,5,36,38,31,33,35,36,31,32,17,19,13,13,21
C237,14,20,18,19,16,15,16,13,-2,0,28,33,34,25,32,32,35,32,19,14,11,21,21
C238,11,14,10,13,15,14,18,13,-1,3,32,30,35,33,33,34,30,35,13,18,17,12,15
C239,11,13,11,9,13,15,18,14,-1,5,30,22,28,31,31,33,31,34,15,25,22,12,27
C24,14,14,16,15,14,14,11,19,5,-3,37,34,31,33,22,32,29,35,11,20,18,17,22
C240,13,13,13,12,14,15,14,17,2,0,31,29,29,38,34,31,30,24,10,17,21,20,24
C241,16,18,12,11,15,14,14,17,3,-1,30,26,27,31,21,28,29,33,10,15,16,11,19
C242,17,14,13,12,16,13,16,15,2,0,27,30,35,29,31,35,30,33,14,21,22,10,20
C243,15,19,16,20,14,17,14,15,-2,0,35,34,38,33,36,39,33,35,17,18,15,20,19
C244,17,17,15,18,16,17,12,15,-2,-4,37,38,36,35,35,37,33,37,15,18,11,20,20
C245,13,18,14,9,16,15,16,13,-2,0,28,35,29,29,29,29,33,29,18,17,13,8,25
C246,12,15,12,10,15,16,16,13,-3,1,32,25,33,27,31,33,28,23,6,17,13,13,22
C247,14,12,9,9,15,13,16,16,3,1,30,31,29,25,21,27,34,27,16,20,19,14,17
C248,16,16,11,13,17,15,14,14,-1,-3,33,32,36,33,30,33,32,35,15,8,20,12,21
C249,18,15,15,14,17,15,14,14,-1,-3,33,39,34,33,32,31,37,32,16,22,11,12,23
C25,17,13,15,18,14,20,14,18,-2,0,30,30,23,30,26,28,32,36,12,9,10,12,5
C250,13,17,15,11,15,14,18,13,-1,3,28,26,35,28,30,29,36,30,24,25,24,14,21
C251,11,17,9,15,15,13,16,16,3,1,30,31,28,30,23,35,30,26,11,19,20,11,24
C252,19,16,14,15,13,15,18,14,-1,5,29,38,40,38,31,35,31,37,16,12,11,18,23
C253,12,20,20,18,15,17,14,14,-3,-1,34,37,39,27,34,36,27,25,9,20,18,13,16
C254,14,16,12,12,15,16,16,13,-3,1,33,34,35,31,32,34,28,33,15,18,12,20,22
C255,15,18,16,13,13,15,16,16,1,3,32,34,32,28,29,34,34,35,20,13,18,18,17
C256,10,10,13,10,15,16,12,17,1,-3,32,29,33,31,28,27,32,31,24,20,9,16,23
C257,18,20,13,13,17,16,12,15,-1,-5,34,31,39,30,29,33,37,32,29,25,5,12,26
C258,13,13,11,15,13,15,16,16,1,3,25,31,30,27,34,29,31,32,16,17,23,18,24
C259,17,15,15,14,15,17,14,14,-3,-1,28,39,25,34,25,33,32,24,6,13,12,19,18
C26,10,14,12,9,15,19,17,12,-7,2,28,28,26,30,25,28,30,29,22,23,21,24,19
C260,16,15,14,17,14,15,18,13,-2,4,33,36,34,31,27,31,31,23,12,17,16,18,21
C261,15,16,19,16,16,13,16,15,2,0,34,32,34,26,35,32,33,36,14,14,12,17,19
C262,15,17,9,5,14,15,14,17,2,0,32,27,32,24,26,27,26,25,22,17,14,18,22
C263,12,12,11,9,15,14,14,17,3,-1,28,34,21,24,24,28,28,25,18,23,21,18,21
C264,12,16,13,10,16,17,12,15,-2,-4,22,29,37,18,24,24,32,21,16,12,18,18,28
C265,18,16,20,19,14,17,14,15,-2,0,37,38,38,33,38,40,34,35,15,18,17,12,13
C266,14,16,15,10,14,13,18,15,2,4,32,27,34,34,38,30,38,35,19,22,18,19,24
C267,16,16,14,14,13,14,18,15,1,5,28,36,21,31,29,36,27,34,18,11,15,13,23
C268,15,16,16,14,17,15,14,14,-1,-3,32,33,38,32,32,34,31,31,16,16,9,16,18
C269,14,17,9,11,15,16,16,13,-3,1,29,32,32,27,27,32,23,25,15,15,18,16,24
C27,10,13,13,13,12,16,13,16,0,1,33,28,34,35,30,30,34,29,8,18,27,10,25
C270,12,11,10,6,16,17,12,15,-2,-4,26,23,23,28,29,32,26,26,19,5,19,11,18
C271,11,15,11,16,13,15,16,16,1,3,36,24,36,37,23,34,31,36,12,16,15,15,13
C272,11,11,10,13,13,14,18,15,1,5,29,32,28,26,33,30,22,35,8,22,14,15,16
C273,12,14,18,14,15,17,14,14,-3,-1,27,28,26,26,27,28,31,25,20,19,22,19,23
C274,11,16,15,7,16,15,16,13,-2,0,37,31,37,28,35,28,26,32,11,18,19,12,25
C275,18,16,16,11,16,15,16,13,-2,0,37,33,28,30,26,36,36,28,8,11,6,10,19
C276,12,13,12,12,15,16,16,13,-3,1,30,32,29,32,35,35,33,32,8,12,10,12,14
C277,18,18,15,15,15,14,18,13,-1,3,28,35,30,32,32,27,34,27,22,26,13,16,14
C278,14,15,15,8,15,14,18,13,-1,3,30,28,34,25,29,27,33,28,23,22,17,13,17
C279,10,15,6,6,15,17,12,16,-1,-3,33,31,36,33,29,30,27,32,10,13,19,20,22
C28,15,18,16,9,18,19,16,9,-10,-2,37,28,19,25,36,35,33,36,19,17,17,21,21
C280,19,15,10,17,16,15,12,17,2,-4,24,34,30,31,27,30,32,33,11,13,9,12,22
C281,8,15,15,14,15,14,18,13,-1,3,29,35,37,34,29,34,30,30,17,21,16,13,16
C282,13,16,9,9,17,16,12,15,-1,-5,30,28,39,30,31,33,32,23,8,15,18,9,17
C283,20,18,17,16,15,16,16,13,-3,1,35,29,39,33,32,35,31,33,13,19,23,17,15
C284,14,12,13,10,15,13,18,14,1,3,31,31,32,22,23,29,32,32,7,6,13,16,20
C285,17,17,18,19,17,14,14,15,1,-3,27,36,28,33,34,36,30,26,13,19,16,17,18
C286,10,12,12,11,14,15,14,17,2,0,34,28,32,30,32,34,31,30,26,25,25,21,23
C287,16,16,16,15,15,16,12,17,1,-3,32,32,36,34,31,27,32,33,23,14,17,18,24
C288,14,13,10,10,14,15,14,17,2,0,29,32,31,28,28,27,32,29,15,24,12,22,21
C289,14,13,6,5,15,17,14,14,-3,-1,35,26,28,26,23,23,30,29,10,15,13,9,22
C29,16,17,15,16,16,13,15,15,2,-1,27,34,29,32,33,27,25,33,12,22,8,16,23
C290,0,15,7,2,17,15,14,14,-1,-3,26,27,34,22,23,29,30,28,14,17,21,15,27
C291,19,15,14,4,13,14,18,15,1,5,30,30,29,28,29,28,30,27,18,21,9,15,25
C292,17,19,5,8,16,15,16,13,-2,0,33,29,33,31,33,36,35,28,10,12,11,12,25
C293,9,15,14,8,15,16,16,13,-3,1,28,33,37,31,30,27,27,28,16,23,21,14,25
C294,13,16,11,10,17,15,12,16,1,-5,31,33,36,25,30,29,34,28,24,21,17,15,25
C295,8,16,13,7,15,16,16,13,-3,1,33,21,38,32,31,32,25,26,12,23,22,13,13
C296,10,12,8,4,16,15,16,13,-2,0,29,24,30,23,20,34,27,35,12,24,13,14,22
C297,6,14,6,2,17,15,14,14,-1,-3,32,32,34,27,30,31,29,28,12,11,16,7,13
C298,14,15,16,19,16,13,16,15,2,0,32,33,31,36,35,37,34,35,11,19,20,19,18
C299,18,17,15,14,13,14,18,15,1,5,31,33,34,31,25,33,32,22,18,14,14,14,21
C3,13,16,12,16,15,14,18,12,-2,3,28,29,29,31,33,38,21,37,11,15,13,6,17
C30,14,17,11,8,14,14,15,16,2,1,34,30,35,34,30,30,30,32,16,13,20,19,24
C300,7,12,10,16,16,15,16,13,-2,0,29,30,31,28,27,26,24,26,20,23,16,17,24
C301,8,17,12,4,15,16,12,17,1,-3,27,26,36,29,30,26,28,25,14,12,19,13,17
C302,14,15,16,13,16,15,16,13,-2,0,34,35,39,34,34,34,38,35,14,15,13,18,18
C303,18,15,10,11,13,14,18,15,1,5,27,28,20,19,32,24,30,19,19,21,15,18,22
C304,16,14,11,12,15,16,16,13,-3,1,27,28,24,32,23,32,32,28,10,13,13,19,14
C305,6,13,9,12,15,16,12,17,1,-3,30,24,31,17,19,18,32,20,26,16,20,18,22
C306,15,15,17,14,15,14,14,17,3,-1,30,19,24,21,29,36,30,29,17,16,15,8,18
C307,18,17,17,19,17,15,14,14,-1,-3,32,31,33,33,35,36,36,31,18,19,17,15,19
C308,17,14,12,13,15,17,12,16,-1,-3,30,35,21,28,23,31,36,26,17,16,9,8,19
C309,20,19,17,17,15,16,16,13,-3,1,30,36,28,35,26,31,29,30,15,16,12,11,18
C31,14,18,16,17,16,16,13,14,-2,-3,34,33,38,36,34,37,31,35,20,20,25,23,26
C310,15,19,16,16,17,16,12,15,-1,-5,31,36,35,33,33,35,33,33,18,21,10,17,23
C311,13,13,12,9,17,15,14,14,-1,-3,31,34,38,36,32,31,39,36,10,8,13,13,16
C312,14,16,16,16,15,14,18,13,-1,3,23,26,26,31,21,32,28,28,6,6,8,8,10
C313,11,12,10,9,14,15,14,17,2,0,29,31,32,31,29,31,28,31,18,19,13,13,23
C314,15,15,14,18,14,15,18,13,-2,4,28,33,32,33,29,27,31,33,19,21,15,21,21
C315,18,14,14,15,15,16,16,13,-3,1,29,29,34,31,33,32,29,30,25,22,11,14,27
C316,20,17,16,13,17,16,12,15,-1,-5,30,37,27,30,28,35,30,33,10,17,17,7,15
C317,13,10,13,6,15,13,18,14,1,3,24,30,36,30,24,20,26,21,29,8,16,18,14
C318,13,13,11,11,14,15,18,13,-2,4,30,27,25,28,29,27,28,32,20,20,12,15,20
C319,15,16,13,11,16,15,16,13,-2,0,29,34,30,34,27,28,29,26,13,17,15,25,22
C32,18,16,16,18,15,14,20,15,1,5,39,41,49,32,29,31,36,25,11,7,12,18,26
C320,12,17,18,12,16,17,12,15,-2,-4,36,36,33,36,29,34,29,33,5,19,15,11,19
C321,15,14,13,11,13,14,18,15,1,5,28,34,39,30,21,30,30,33,22,23,15,17,15
C322,16,17,13,13,17,15,14,14,-1,-3,36,36,36,36,33,36,38,33,22,19,14,18,17
C323,10,14,9,6,15,16,16,13,-3,1,31,26,36,30,30,32,29,36,17,19,17,17,22
C324,5,18,17,10,15,16,16,13,-3,1,38,32,38,35,32,35,33,35,11,17,16,17,22
C325,14,9,8,7,15,13,18,14,1,3,24,26,32,23,23,23,26,32,18,14,15,18,20
C326,13,17,18,11,17,16,12,15,-1,-5,29,28,36,29,25,32,25,31,17,22,19,20,22
C327,15,17,14,13,15,13,16,16,3,1,29,29,25,31,33,31,28,35,21,14,18,15,20
C328,16,15,13,14,16,15,12,17,2,-4,35,33,28,34,35,31,29,35,19,18,17,9,25
C329,17,13,10,14,14,15,18,13,-2,4,32,25,23,26,29,22,29,31,26,7,21,16,23
C33,11,18,14,16,17,15,12,19,4,-5,32,32,33,37,20,29,34,25,15,12,22,26,25
C330,15,17,16,17,16,17,12,15,-2,-4,34,34,33,29,27,31,33,34,9,8,9,8,23
C331,11,14,8,15,17,15,14,14,-1,-3,30,33,37,30,32,31,33,28,17,18,13,22,23
C332,15,18,18,18,16,13,16,15,2,0,30,26,31,34,27,32,25,34,16,21,12,15,18
C333,15,13,9,3,16,17,12,15,-2,-4,21,22,17,23,20,25,25,24,21,19,16,20,21
C334,16,19,19,20,15,13,18,14,1,3,17,17,21,22,28,15,27,25,10,11,14,10,11
C335,18,17,10,16,15,17,14,14,-3,-1,36,37,33,30,30,37,30,32,14,20,20,12,20
C336,15,16,13,10,14,15,18,13,-2,4,26,30,31,28,25,30,32,30,21,25,20,14,22
C337,15,18,13,14,13,14,18,15,1,5,35,32,33,33,31,34,33,33,16,9,20,8,20
C338,16,18,15,16,17,15,14,14,-1,-3,35,36,35,32,33,37,32,39,9,10,9,8,10
C339,15,16,13,17,13,14,18,15,1,5,26,32,33,26,26,26,30,24,19,15,9,11,22
C34,17,17,8,16,13,20,17,17,-3,4,26,25,28,27,32,37,31,32,16,18,16,14,22
C340,13,11,12,14,15,16,16,13,-3,1,23,25,13,29,16,27,24,23,14,18,15,18,15
C341,17,16,13,12,17,16,12,15,-1,-5,31,35,35,22,27,24,28,24,19,17,12,7,20
C342,19,19,19,20,15,14,18,13,-1,3,40,39,38,34,36,37,31,39,22,21,8,14,23
C343,14,18,16,18,16,15,12,17,2,-4,26,32,32,30,28,29,33,28,12,10,10,7,9
C344,15,12,11,11,16,15,16,13,-2,0,31,33,36,29,23,25,32,33,14,21,12,21,20
C345,13,18,16,14,16,15,12,17,2,-4,36,36,36,28,33,33,34,33,16,14,8,8,12
C346,16,17,10,10,15,13,18,14,1,3,28,34,37,33,25,28,30,29,13,15,12,13,19
C347,18,17,16,19,17,16,12,15,-1,-5,31,36,35,30,31,36,34,37,20,18,13,20,19
C348,13,12,16,11,16,15,16,13,-2,0,35,32,33,36,35,37,27,35,20,20,20,20,20
C349,19,19,19,16,16,15,16,13,-2,0,31,32,38,32,31,32,31,34,8,11,10,8,10
C35,13,18,12,14,12,17,15,20,3,3,31,31,23,18,21,31,25,34,15,9,11,9,9
C350,15,12,9,10,15,12,14,13,1,-1,29,25,25,28,28,28,24,31,17,12,16,11,18
C351,15,18,9,5,38,92,86,98,6,48,34,27,26,24,34,26,28,24,11,12,15,11,17
C352,20,17,16,13,19,9,14,18,9,-5,30,33,36,34,33,37,35,37,22,10,16,25,27
C353,17,12,16,12,13,13,15,18,5,2,26,28,25,32,32,27,28,30,13,12,13,8,25
C354,20,18,20,9,19,15,14,16,1,-5,34,30,32,28,26,35,30,29,13,25,18,18,19
C355,14,16,16,12,17,18,10,16,-2,-7,28,25,37,31,27,27,34,33,17,26,21,16,23
C356,18,18,19,11,15,15,15,26,11,0,31,33,32,36,35,36,34,37,26,30,31,28,34
C357,9,14,11,11,19,9,13,20,11,-6,30,31,26,27,28,29,30,22,22,14,17,12,27
C358,9,17,11,9,14,17,14,12,-5,0,34,31,37,27,26,32,29,34,18,9,20,14,27
C359,15,15,19,19,17,14,10,17,3,-7,35,35,34,32,37,35,36,37,11,12,15,11,17
C36,8,17,12,10,18,16,15,12,-4,-3,28,29,25,30,24,30,24,28,11,27,21,22,16
C360,16,15,15,19,15,17,18,11,-6,3,34,31,39,29,26,35,34,31,15,14,17,16,21
C361,18,18,17,19,17,17,15,16,-1,-2,38,37,23,33,35,37,37,33,14,22,16,20,23
C362,15,16,17,11,15,14,23,10,-4,8,24,32,24,30,32,31,28,32,14,17,20,12,18
C363,12,16,11,18,15,12,19,17,5,4,28,35,30,33,29,30,35,29,16,16,12,20,25
C364,12,13,15,10,20,9,16,18,9,-4,33,31,36,30,30,27,32,31,17,14,17,11,17
C365,15,17,9,10,15,13,19,13,0,4,25,29,24,27,25,28,28,26,21,23,14,21,30
C366,13,17,10,7,14,19,19,14,-5,5,24,29,37,33,25,31,35,35,32,42,36,36,38
C367,13,16,12,5,11,17,19,10,-7,8,31,28,37,32,26,30,30,28,9,25,10,6,17
C368,14,15,7,9,15,16,14,16,0,-1,34,33,21,30,21,36,26,33,12,26,10,8,21
C369,19,15,12,12,12,15,19,15,0,7,30,30,34,33,30,31,35,32,23,8,9,16,28
C37,12,17,11,13,13,15,15,15,0,2,25,26,34,24,23,35,34,34,16,16,16,14,16
C370,18,17,13,13,19,12,10,18,6,-9,27,28,31,27,26,29,29,25,15,13,17,14,20
C371,13,15,13,10,15,16,17,11,-5,2,23,27,26,27,29,31,31,34,21,20,23,16,16
C372,16,17,12,5,18,10,16,17,7,-2,24,26,28,21,16,19,27,26,22,23,22,14,21
C373,20,20,13,5,18,10,13,18,8,-5,36,31,38,30,31,34,38,36,26,23,5,14,26
C374,14,18,17,17,12,20,13,16,-4,1,37,21,26,30,27,41,28,33,13,16,11,14,9
C375,11,16,14,8,12,16,22,11,-5,10,19,22,14,16,26,15,17,21,9,14,31,8,25
C376,20,19,12,15,12,19,16,13,-6,4,28,35,26,21,25,29,34,35,11,20,13,14,23
C377,17,15,11,16,16,14,9,18,4,-7,32,35,19,24,21,26,34,33,23,16,9,10,27
C378,14,15,17,16,15,20,13,13,-7,-2,37,32,35,28,31,29,28,28,19,21,12,24,21
C379,12,11,3,6,11,19,19,14,-5,8,27,27,33,34,26,31,28,31,13,13,9,11,24
C38,12,16,14,16,12,14,15,18,4,3,31,22,26,29,26,30,27,25,12,19,17,13,26
C380,15,15,11,13,16,13,11,18,5,-5,28,30,32,25,28,27,34,26,26,13,16,18,23
C381,17,13,7,13,16,20,13,11,-9,-3,32,28,27,29,27,31,29,31,12,14,12,9,23
C382,15,18,9,12,15,14,13,19,5,-2,27,29,31,22,23,28,28,27,21,18,18,11,25
C383,5,10,7,7,16,13,16,14,1,0,25,24,23,21,13,24,19,33,16,21,17,20,22
C384,9,18,16,17,18,19,14,13,-6,-4,28,24,26,35,21,26,30,31,19,20,21,18,19
C385,15,14,5,7,14,17,14,14,-3,0,20,25,31,25,22,29,23,25,21,17,19,20,21
C386,15,19,14,14,15,15,13,18,3,-2,34,31,42,30,31,34,32,37,9,5,15,9,20
C387,16,14,12,16,16,17,21,14,-3,5,28,28,32,28,28,36,29,30,19,14,15,14,25
C388,10,16,10,15,39,67,87,94,27,48,28,21,34,33,27,31,34,34,14,14,9,8,15
C389,14,13,14,14,29,75,64,90,15,35,36,27,34,28,31,29,36,32,16,23,21,14,25
C39,12,13,16,9,14,22,16,11,-11,2,37,26,38,25,40,30,36,35,7,24,20,18,19
C390,15,16,11,6,14,14,20,14,0,6,25,33,30,31,29,30,28,31,11,14,18,6,22
C391,10,12,6,4,14,13,18,13,0,4,26,23,23,25,27,26,26,27,19,24,21,17,22
C392,13,18,17,12,68,94,74,17,-77,6,36,27,34,28,31,29,36,32,15,14,29,33,20
C393,15,14,14,16,16,15,15,17,2,-1,32,28,31,24,20,33,36,23,15,14,14,19,14
C394,15,14,15,14,18,19,14,13,-6,-4,28,29,28,27,25,29,26,31,11,10,15,13,20
C395,12,15,12,14,13,19,15,13,-6,2,29,30,33,29,28,30,28,25,11,10,15,13,20
C396,15,14,14,12,14,16,18,17,1,4,21,23,25,22,26,25,25,20,24,16,14,11,34
C397,13,14,14,11,14,16,18,17,1,4,21,23,25,22,26,25,25,30,24,16,12,10,23
C398,12,14,14,12,13,19,15,13,-6,2,34,39,21,32,25,35,28,29,23,20,5,17,14
C399,15,15,15,15,13,18,17,17,-1,4,25,32,26,27,29,36,28,28,12,13,14,13,12
C4,16,18,14,18,16,15,20,16,1,4,32,37,30,25,34,35,32,34,23,18,16,22,21
C40,12,19,14,15,20,15,15,12,-3,-5,29,32,23,24,27,32,32,36,13,19,15,10,21
C400,15,15,14,13,13,18,17,17,-1,4,29,25,30,27,28,29,29,34,7,12,17,7,21
C401,11,14,12,15,17,19,11,15,-4,-6,32,32,30,28,25,26,29,30,3,14,20,24,26
C402,8,18,16,8,19,11,16,16,5,-3,27,24,28,27,29,31,31,36,14,15,28,9,10
C403,16,14,14,12,19,9,14,16,7,-5,28,23,17,25,18,26,26,29,22,18,18,12,32
C404,16,17,16,12,15,10,22,13,3,7,25,26,26,33,31,34,25,33,20,20,16,14,22
C405,16,19,17,10,15,10,21,13,3,6,25,26,26,33,31,34,25,33,19,21,17,23,19
C406,17,8,11,10,9,20,14,14,-6,5,29,29,30,34,33,28,34,30,14,19,19,20,25
C407,18,19,18,18,16,14,14,18,4,-2,27,23,22,24,38,30,23,23,18,16,10,9,11
C408,16,17,12,6,14,17,19,9,-8,5,32,25,37,28,28,22,31,31,23,11,15,25,28
C409,10,9,8,6,17,13,15,12,-1,-2,26,24,15,23,23,21,19,19,22,20,20,17,21
C41,17,16,13,13,15,16,11,16,0,-4,33,26,32,31,27,31,29,26,13,26,21,14,20
C410,13,11,8,9,14,15,17,15,0,3,27,26,27,30,24,30,24,28,10,26,23,21,18
C411,10,15,11,9,17,17,13,17,0,-4,26,31,37,33,32,26,26,29,23,25,24,14,23
C412,10,16,10,15,14,16,19,12,-4,5,30,27,25,33,28,34,32,25,20,21,22,20,21
C413,9,17,10,7,15,16,18,16,0,3,23,24,22,26,28,25,24,19,20,21,22,20,21
C414,14,14,15,16,17,17,12,17,0,-5,22,28,30,27,23,29,27,28,19,21,22,20,21
C415,17,18,16,17,14,17,19,9,-8,5,14,26,22,19,18,20,21,23,48,64,32,42,56
C416,10,16,16,10,9,17,15,15,-2,6,19,21,18,20,23,22,21,20,40,52,32,36,42
C417,9,15,10,7,15,16,18,16,0,3,22,28,30,27,23,29,27,28,40,52,32,36,42
C418,14,17,15,16,18,11,15,20,9,-3,33,29,29,30,35,30,32,32,21,7,22,22,23
C419,18,16,15,14,18,17,14,17,0,-4,27,26,23,21,29,26,23,28,17,21,17,18,19
C42,17,18,13,13,17,13,11,17,4,-6,24,32,13,29,29,35,36,36,14,17,7,6,19
C420,17,18,13,14,13,13,16,14,1,3,28,28,37,23,24,29,28,36,12,18,15,12,23
C421,18,18,15,14,15,11,13,16,5,-2,36,34,32,31,36,35,32,35,9,17,15,15,19
C422,18,18,15,12,16,17,14,11,-6,-2,29,33,29,30,34,27,30,35,11,13,15,9,21
C423,15,17,9,7,15,18,19,8,-10,4,26,23,21,29,26,23,28,26,11,13,15,9,21
C424,18,16,15,14,18,17,14,17,0,-4,27,26,23,21,29,26,23,28,17,21,17,18,19
C425,17,18,13,14,13,13,16,14,1,3,28,28,37,23,24,29,28,36,12,18,15,12,23
C426,18,18,15,14,15,11,13,16,5,-2,36,34,32,31,36,35,32,35,9,17,15,15,19
C427,18,18,15,12,16,17,14,11,-6,-2,29,33,29,30,34,27,30,35,11,13,15,9,21
C428,15,17,9,17,19,15,14,14,-1,-5,26,24,22,23,25,21,26,18,19,18,20,18,18
C429,15,14,15,12,13,12,9,11,-1,-4,20,20,19,32,22,19,23,23,37,17,20,19,21
C43,15,13,10,14,17,16,14,14,-2,-3,21,29,26,25,21,31,22,29,18,10,14,14,14
C430,16,13,12,8,18,14,11,13,-1,-7,31,28,29,26,30,24,26,20,20,23,24,23,23
C431,15,12,13,14,20,12,12,13,1,-8,31,37,29,27,32,30,25,34,14,26,11,22,25
C432,15,16,12,17,16,17,15,12,-5,-1,33,28,29,29,28,28,34,26,12,17,11,19,29
C433,16,18,17,19,16,18,17,19,1,1,33,28,29,29,28,28,34,26,12,17,11,19,29
C434,15,17,12,18,16,17,15,12,-5,-1,3,28,30,29,28,28,34,25,12,17,11,19,29
C435,12,17,17,13,16,19,13,13,-6,-3,34,18,27,31,27,26,22,23,9,14,16,20,15
C436,19,16,19,17,14,19,14,12,-7,0,35,37,27,38,27,38,32,31,17,5,11,11,29
C437,15,14,11,14,19,17,13,14,-3,-6,24,28,24,30,28,26,24,26,22,17,20,19,19
C438,19,19,18,19,20,7,15,12,5,-5,33,31,36,30,29,28,34,29,16,26,14,13,29
C439,12,17,16,15,13,15,16,16,1,3,24,21,20,23,22,28,25,26,15,19,17,16,24
C44,18,12,13,10,12,15,17,16,1,5,30,21,22,31,27,31,30,28,33,17,21,18,20
C440,16,5,13,18,17,13,19,10,-3,2,21,20,23,25,25,26,30,27,21,19,28,13,27
C441,14,17,14,15,15,10,13,12,2,-2,25,23,25,24,23,21,22,23,21,18,15,16,20
C442,10,18,20,20,17,15,14,15,0,-3,28,26,31,33,34,32,29,34,13,16,15,13,17
C443,13,15,14,11,15,19,17,9,-10,2,29,34,31,29,27,30,32,30,16,19,18,20,19
C444,18,19,16,17,18,12,16,16,4,-2,23,26,24,28,25,28,28,26,14,19,16,20,17
C445,12,17,13,14,16,11,20,14,3,4,33,28,35,26,23,34,29,32,21,17,19,20,24
C446,14,16,14,14,14,12,17,20,8,3,37,29,37,32,32,31,30,28,21,20,21,16,21
C447,11,15,14,9,12,17,17,12,-5,5,30,29,25,27,29,25,34,30,19,19,18,20,26
C448,18,20,17,16,14,19,14,12,-7,0,31,33,34,31,31,32,30,30,11,11,14,8,10
C449,12,18,12,11,13,18,16,14,-4,3,26,23,33,27,25,29,33,31,15,13,19,13,20
C45,20,18,13,13,15,16,11,16,0,-4,29,27,23,24,21,18,30,29,13,15,26,21,17
C450,8,12,9,9,15,11,17,15,4,2,21,27,30,26,29,26,25,24,15,23,20,17,23
C451,15,14,15,15,17,16,15,15,-1,-2,24,23,22,26,29,26,25,24,11,32,29,23,21
C452,13,17,11,9,21,10,16,15,5,-5,27,23,32,32,27,25,33,31,15,16,18,7,22
C453,13,18,12,7,13,8,13,7,-1,0,28,32,29,27,25,23,22,27,17,23,17,11,20
C454,12,18,10,11,15,19,12,15,-4,-3,39,26,36,30,35,35,35,30,20,29,122,17,17
C455,18,19,17,15,15,19,14,15,-4,-1,29,33,37,33,29,30,24,32,19,20,19,15,27
C456,15,17,8,17,18,20,11,10,-10,-7,27,36,28,26,29,30,36,31,22,23,17,15,19
C457,14,16,12,12,15,21,12,14,-7,-3,31,28,33,30,29,29,36,34,13,19,20,11,25
C458,12,16,14,18,16,14,20,9,-5,4,28,28,28,33,30,26,29,34,19,16,15,16,18
C459,9,18,16,11,14,13,11,14,1,-3,34,18,27,27,37,26,22,23,15,16,15,13,15
C46,12,13,12,10,13,11,17,14,3,4,22,30,27,25,32,35,24,25,7,24,20,18,19
C460,11,16,16,15,14,11,16,17,6,2,37,34,36,31,36,31,34,32,12,8,9,19,18
C461,14,17,12,16,17,14,14,15,1,-3,28,27,16,19,22,33,32,19,17,14,8,12,16
C462,14,15,15,12,16,12,19,13,1,3,32,34,35,33,32,31,28,34,12,8,11,19,18
C463,19,18,18,18,11,14,14,18,4,3,35,34,33,34,31,34,32,27,8,6,18,19,25
C464,19,19,18,19,20,7,15,12,5,-5,33,41,36,30,29,31,34,35,16,26,14,13,29
C465,15,15,19,18,15,15,17,11,-4,2,19,23,22,28,23,27,26,23,25,28,21,27,25
C466,17,18,14,16,18,13,14,16,3,-4,30,35,31,30,23,31,27,27,15,15,13,10,17
C467,17,19,17,18,9,19,20,11,-8,11,36,39,37,36,35,37,37,36,8,14,17,11,26
C468,10,11,13,12,15,14,15,13,-1,0,26,15,23,24,32,25,25,22,16,15,15,13,21
C469,5,19,17,19,13,18,14,13,-5,1,24,28,21,27,32,23,27,26,10,10,21,14,24
C47,14,18,14,16,15,16,16,20,4,1,31,38,38,24,32,26,34,37,36,36,36,36,35
C470,16,14,14,14,9,14,21,18,4,12,31,26,38,25,26,32,33,33,24,22,22,19,22
C471,9,18,14,18,16,16,15,13,-3,-1,27,24,25,25,28,17,32,22,16,18,16,19,22
C472,15,10,8,15,17,12,16,13,1,-1,25,25,22,31,24,25,30,30,11,19,17,12,26
C473,15,18,14,13,14,17,15,12,-5,1,28,30,28,25,22,26,30,25,14,22,19,14,22
C474,13,17,11,11,12,14,14,20,6,2,24,31,27,26,23,22,28,24,16,11,16,14,18
C475,13,13,18,15,13,13,18,15,2,5,33,32,29,35,31,33,37,32,7,7,13,6,9
C476,14,15,10,9,16,16,13,14,-2,-3,37,28,32,28,35,37,36,33,20,23,14,6,28
C477,14,14,14,14,17,12,20,17,5,3,24,28,24,26,29,27,25,25,22,17,20,19,19
C478,13,17,17,12,13,17,13,13,-4,0,26,21,22,24,28,25,25,25,23,22,24,20,23
C479,16,19,16,20,12,14,17,15,1,5,30,26,33,29,32,32,33,30,7,7,13,6,9
C48,16,17,15,15,14,17,15,12,-5,1,34,35,34,41,27,36,30,35,32,39,35,33,37
C480,15,15,13,12,13,15,16,15,0,3,23,25,23,25,25,26,21,18,22,17,20,19,19
C481,14,17,11,5,14,15,19,12,-3,5,40,32,25,30,25,29,23,37,17,16,14,15,25
C482,12,17,14,8,12,16,11,17,1,-1,25,25,36,31,26,37,29,39,14,15,25,9,12
C483,13,12,12,15,15,14,13,12,-2,-2,29,36,25,29,23,26,29,35,21,19,13,16,21
C484,16,19,13,14,17,12,14,15,3,-3,29,29,30,31,26,31,34,27,14,18,19,17,14
C485,8,14,10,12,12,17,17,14,-3,5,35,34,38,28,30,29,35,29,5,13,12,10,15
C486,15,15,8,10,19,12,17,14,2,-2,34,30,33,28,31,34,33,35,18,11,18,13,23
C487,13,18,12,10,15,14,16,17,3,1,23,29,26,22,24,26,25,27,17,18,18,8,12
C488,11,10,10,7,17,15,15,13,-2,-2,32,29,29,31,24,36,31,36,17,15,20,18,19
C489,15,17,16,13,17,14,15,17,3,-2,33,30,29,31,30,32,35,30,16,13,13,20,14
C49,16,17,15,13,17,12,16,13,1,-1,25,27,31,33,27,33,23,28,38,27,31,34,25
C490,15,16,13,10,19,9,18,11,2,-1,30,34,30,35,32,31,32,35,15,14,17,17,24
C491,19,18,17,13,13,16,17,13,-3,4,35,32,27,38,34,27,30,21,12,13,13,12,27
C492,17,17,17,13,15,18,13,14,-4,-2,31,30,30,37,34,32,35,31,17,17,16,12,18
C493,12,17,11,12,14,14,18,11,-3,4,33,26,31,29,29,30,32,31,23,25,24,25,10
C494,16,17,16,12,15,10,22,13,3,7,25,26,26,33,31,34,25,33,20,20,16,14,22
C495,15,13,10,14,12,14,13,15,1,1,24,33,29,29,23,29,34,33,17,20,13,19,22
C496,15,16,16,12,17,15,15,12,-3,-2,28,33,26,31,32,31,33,34,18,20,19,22,15
C497,17,17,17,16,15,20,15,11,-9,0,28,27,35,33,34,38,28,36,11,15,17,12,25
C498,14,17,15,16,18,11,15,20,9,-3,33,29,29,30,35,30,32,32,21,7,22,22,23
C499,11,16,11,12,13,16,16,16,0,3,25,31,33,27,25,31,28,31,13,17,17,12,24
C5,13,13,12,10,16,14,15,15,1,-1,24,25,27,23,20,27,24,19,20,27,23,20,22
C50,17,16,15,13,15,13,12,14,1,-3,28,34,33,30,32,31,30,34,33,28,32,25,30
C500,12,17,19,16,15,16,15,15,-1,0,39,39,33,31,36,38,33,28,16,21,21,16,18
C501,14,16,11,13,15,15,21,12,-3,6,36,27,34,29,26,29,30,33,14,17,26,5,23
C502,15,15,16,14,14,11,15,15,4,1,28,31,32,24,26,20,33,26,18,11,17,9,22
C503,15,17,15,15,16,18,12,12,-6,-4,35,34,38,30,28,37,39,40,17,21,21,14,25
C504,14,12,12,14,18,19,15,11,-8,-3,29,34,31,32,31,33,29,35,13,14,13,11,12
C505,12,15,13,14,11,17,14,19,2,3,30,31,33,29,30,29,32,31,17,18,24,17,22
C506,7,12,4,15,14,14,18,14,0,4,28,34,31,24,34,33,23,24,11,10,21,19,27
C507,13,17,11,9,19,20,14,14,-6,-5,38,29,36,25,35,34,29,31,10,11,16,11,16
C508,14,18,16,17,16,19,14,12,-7,-2,33,27,43,37,40,37,29,36,23,12,18,14,22
C509,18,17,13,15,14,19,14,11,-8,0,34,33,39,38,36,37,32,33,8,10,16,13,28s
C51,16,16,16,17,14,16,18,12,-4,4,21,17,26,26,23,18,23,25,12,18,10,15,26
C510,18,17,13,16,15,14,14,19,5,-1,30,35,32,28,29,31,33,35,21,19,17,7,20
C511,13,15,15,18,17,16,13,13,-3,-4,33,31,32,25,32,29,26,28,21,19,17,7,20
C512,14,13,9,11,19,16,16,11,-5,-3,30,33,30,23,25,28,29,32,11,24,16,19,17
C513,12,15,12,9,17,21,10,14,-7,-7,18,35,22,27,24,23,30,27,16,16,14,13,20
C514,19,19,18,19,15,15,17,11,-4,2,32,34,29,38,33,37,36,34,16,14,17,9,24
C515,19,20,19,19,18,14,10,14,0,-8,32,35,29,37,33,37,36,34,17,15,15,8,25
C516,17,15,13,16,16,13,12,17,4,-4,23,44,20,29,25,36,26,33,14,11,17,9,25
C517,15,16,9,14,14,16,17,13,-3,3,37,35,37,34,34,33,35,37,12,8,15,13,16
C518,16,19,13,18,15,13,15,18,5,0,30,32,29,33,31,29,32,33,23,12,20,19,24
C519,17,17,15,15,15,13,16,16,3,1,34,34,26,30,30,26,26,33,23,12,20,19,24
C52,15,17,19,16,14,17,16,11,-6,2,40,43,32,35,30,27,28,30,7,9,18,16,16
C520,16,17,14,17,11,21,15,12,-9,4,31,31,37,28,29,31,32,32,23,22,16,8,22
C521,13,12,12,4,17,14,16,12,-2,-1,23,26,23,30,28,23,31,31,21,20,22,16,18
C522,16,17,19,13,11,14,21,13,-1,10,30,35,27,31,27,31,26,33,15,15,15,9,16
C523,13,13,14,17,15,19,14,15,-4,-1,27,40,42,36,42,27,36,28,26,23,22,17,26
C524,17,19,20,19,18,20,13,11,-9,-5,33,34,37,23,25,27,24,21,32,27,31,27,32
C525,18,15,12,16,11,14,18,11,-3,7,29,28,34,30,32,30,27,33,15,23,18,21,20
C526,11,16,11,12,13,16,16,16,0,3,25,31,33,27,25,31,28,31,13,17,17,12,24
C527,12,17,19,16,15,16,15,15,-1,0,39,39,33,31,36,38,33,28,16,21,21,16,18
C528,14,16,11,13,15,15,21,12,-3,6,36,27,34,29,26,29,30,33,14,17,26,5,23
C529,15,15,16,14,14,11,15,15,4,1,28,31,32,24,26,20,33,26,18,11,17,9,22
C53,14,12,11,11,22,10,11,19,9,-11,32,43,23,26,29,30,35,31,16,21,15,21,21
C530,15,17,15,15,16,18,12,12,-6,-4,35,34,38,30,28,37,39,40,17,21,21,14,25
C531,14,12,12,14,18,19,15,11,-8,-3,29,34,31,32,31,33,29,35,13,14,13,11,12
C532,12,15,13,14,11,17,14,19,2,3,30,31,33,29,30,29,32,31,17,18,24,17,22
C533,7,12,4,15,14,14,18,14,0,4,28,34,31,24,34,33,23,24,11,10,21,19,27
C534,13,17,11,9,19,20,14,14,-6,-5,38,29,36,25,35,34,29,31,10,11,16,11,16
C535,14,18,16,17,16,19,14,12,-7,-2,33,27,43,37,40,37,29,36,23,12,18,14,22
C536,18,17,13,15,14,19,14,11,-8,0,34,33,39,38,36,37,32,33,8,10,16,13,28
C537,18,17,13,16,15,14,14,19,5,-1,30,35,32,28,29,31,33,35,21,19,17,7,20
C538,13,15,15,18,17,16,13,13,-3,-4,33,31,32,25,32,29,26,28,21,19,17,7,20
C539,14,13,9,11,19,16,16,11,-5,-3,30,33,30,23,25,28,29,32,11,24,16,19,17
C54,13,17,9,8,15,11,14,20,9,-1,31,24,35,31,30,27,33,32,12,10,12,14,18
C540,12,15,12,9,17,21,10,14,-7,-7,18,35,22,27,24,23,30,27,16,16,14,13,20
C541,19,19,18,19,15,15,17,11,-4,2,32,34,29,38,33,37,36,34,16,14,17,9,24
C542,19,20,19,19,18,14,10,14,0,-8,32,35,29,37,33,37,36,34,17,15,15,8,25
C543,17,15,13,16,16,13,12,17,4,-4,23,44,20,29,25,36,26,33,14,11,17,9,25
C544,15,16,9,14,14,16,17,13,-3,3,37,35,37,34,34,33,35,37,12,8,15,13,16
C545,16,19,13,18,15,13,15,18,5,0,30,32,29,33,31,29,32,33,23,12,20,19,24
C546,17,17,15,15,15,13,16,16,3,1,34,34,26,30,30,26,26,33,23,12,20,19,24
C547,16,17,14,17,11,21,15,12,-9,4,31,31,37,28,29,31,32,32,23,22,16,8,22
C548,13,12,12,4,17,14,16,12,-2,-1,23,26,23,30,28,23,31,31,21,20,22,16,18
C549,16,17,19,13,11,14,21,13,-1,10,30,35,27,31,27,31,26,33,15,15,15,9,16
C55,13,14,14,14,9,15,18,14,-1,9,40,43,32,35,30,27,28,30,11,15,14,17,14
C550,13,13,14,17,15,19,14,15,-4,-1,27,40,42,36,42,27,36,28,26,23,22,17,26
C551,17,19,20,19,18,20,13,11,-9,-5,33,34,37,23,25,27,24,21,32,27,31,27,32
C552,18,15,12,16,11,14,18,11,-3,7,29,28,34,30,32,30,27,33,15,23,18,21,20
C553,5,8,15,12,15,17,16,16,-1,1,30,25,27,30,26,29,28,28,10,8,21,14,20
C554,9,8,12,11,15,12,20,12,0,5,24,22,19,31,25,28,23,23,15,23,22,17,24
C555,9,7,11,13,16,12,17,11,-1,1,28,29,33,42,30,30,29,37,17,18,19,14,15
C556,13,12,8,7,13,16,15,15,-1,2,28,25,32,32,26,23,29,25,12,14,19,19,25
C557,11,5,9,15,20,18,13,10,-8,-7,29,32,34,31,34,30,30,34,12,15,26,16,21
C558,11,11,16,3,22,9,12,14,5,-10,23,23,29,25,28,28,28,29,25,17,21,15,23
C559,7,11,11,12,16,12,19,15,3,3,25,31,30,40,32,30,29,33,16,13,15,16,19
C56,15,16,16,13,13,20,18,11,-9,5,27,31,34,18,27,28,25,26,16,17,17,8,22
C560,9,11,13,7,15,14,17,10,-4,2,18,17,35,31,21,25,24,35,16,10,14,16,22
C561,8,13,5,13,16,11,17,19,8,1,24,22,33,29,33,27,29,33,23,20,23,9,21
C562,11,13,8,8,15,14,16,20,6,1,28,28,33,33,32,32,27,40,15,18,27,18,22
C563,11,4,13,12,15,14,16,20,6,1,24,16,37,37,30,28,20,28,17,18,20,12,16
C564,11,8,12,9,17,8,15,17,9,-2,31,42,32,32,30,32,38,34,18,13,16,15,26
C565,13,8,13,5,17,8,15,17,9,-2,25,28,29,35,26,21,34,23,11,26,17,9,22
C566,5,9,12,13,16,17,17,13,-4,1,25,29,26,35,24,28,27,29,13,16,20,14,20
C567,7,11,19,4,10,14,15,16,2,5,26,28,34,27,24,50,28,30,14,25,18,14,17
C568,7,12,15,7,13,13,17,13,0,4,22,20,20,33,23,23,25,28,19,12,24,18,24
C569,11,8,11,11,15,15,18,12,-3,3,22,29,29,35,24,31,31,34,18,9,19,18,27
C57,14,15,15,17,15,14,14,14,0,-1,10,17,20,26,21,19,15,23,19,13,22,13,20
C570,11,8,15,7,18,11,14,12,1,-4,24,31,21,34,28,32,33,28,22,11,22,22,24
C571,9,8,16,7,11,14,18,10,-4,7,32,34,35,37,33,31,35,27,21,18,17,16,27
C572,9,12,12,10,12,7,16,16,9,4,28,28,34,38,31,32,33,30,14,19,19,11,20
C573,13,11,7,8,18,14,10,18,4,-8,27,32,28,31,31,29,26,30,29,19,17,16,24
C574,11,15,13,14,14,16,14,12,-4,0,24,28,29,31,29,23,23,24,13,15,20,11,17
C575,9,9,12,9,14,17,13,18,1,-1,18,31,29,39,33,29,33,29,26,22,22,12,24
C576,12,13,8,7,16,14,17,11,-3,1,16,30,19,40,25,29,30,25,15,15,20,16,28
C577,9,9,13,8,11,11,18,16,5,7,23,32,33,34,34,33,33,26,12,21,14,12,21
C578,9,12,8,11,19,16,12,14,-2,-7,18,19,32,18,19,22,29,32,12,17,14,11,24
C579,7,11,12,11,16,15,9,20,5,-7,27,35,22,35,32,34,31,27,16,13,15,16,19
C58,10,18,12,15,16,13,18,13,0,2,20,28,26,26,22,25,20,18,21,20,18,14,24
C580,5,15,13,7,14,18,15,11,-7,1,31,27,34,42,31,30,38,25,23,14,6,11,19
C581,12,8,15,5,18,12,13,14,2,-5,19,23,27,32,30,27,27,27,12,19,12,17,17
C582,12,5,16,7,17,11,17,19,8,0,19,25,37,31,29,26,27,32,22,11,14,18,26
C583,15,4,16,5,17,11,18,11,0,1,28,35,36,29,32,29,28,24,27,17,15,7,28
C584,15,12,4,9,18,11,16,16,5,-2,20,28,26,27,23,25,22,18,21,14,15,19,25
C585,5,12,19,11,11,16,15,16,0,4,28,24,32,28,26,30,25,24,12,20,17,14,14
C586,9,5,15,8,11,21,18,11,-10,7,17,29,23,31,30,32,28,23,8,12,13,17,21
C587,15,9,12,4,20,14,13,13,-1,-7,26,28,34,27,28,27,30,31,14,24,17,13,12
C588,9,9,13,8,18,15,19,9,-6,1,21,27,33,24,29,28,32,33,16,12,19,16,23
C589,9,5,13,12,16,16,18,10,-6,2,23,32,23,29,23,25,27,18,22,15,20,12,24
C59,12,17,12,13,16,12,18,12,0,2,30,25,22,23,29,30,27,29,9,11,9,9,12
C590,12,8,11,9,12,16,20,15,-1,8,25,30,29,34,31,28,32,31,23,9,20,20,21
C591,11,15,4,11,20,10,7,18,8,-13,36,22,25,26,33,36,24,32,30,18,18,21,18
C592,9,9,12,9,16,17,15,12,-5,-1,27,28,26,35,27,24,26,32,15,11,13,24,26
C593,9,11,12,8,16,14,10,17,3,-6,20,21,29,19,28,24,27,20,24,23,22,15,24
C594,7,8,13,12,11,14,20,12,-2,9,28,24,31,35,27,33,27,22,12,15,18,10,18
C595,9,5,12,13,10,22,16,11,-11,6,27,26,28,32,26,28,28,25,14,15,21,13,22
C596,12,8,15,5,15,16,16,10,-6,1,23,27,26,35,18,24,31,24,20,21,20,11,17
C597,11,11,7,11,13,16,17,11,-5,4,26,26,21,30,20,22,26,18,23,18,25,20,23
C598,8,11,13,8,16,14,15,15,1,-1,21,28,28,33,31,27,30,32,23,20,25,15,16
C599,8,9,12,11,20,14,15,12,-2,-5,21,34,25,27,32,26,33,33,23,16,14,12,18
C6,13,15,10,7,13,15,16,12,-3,3,29,36,33,30,30,30,33,32,8,9,10,8,23
C60,14,17,15,8,13,16,12,18,2,-1,30,23,26,24,26,32,24,29,12,19,17,13,26
C600,9,11,16,4,16,11,17,14,3,1,28,26,34,39,30,30,30,31,23,16,16,7,24
C601,15,12,8,5,19,15,14,12,-3,-5,19,30,26,30,26,17,27,17,14,17,14,12,25
C602,12,17,8,3,13,17,16,14,-3,3,24,24,30,37,36,28,26,32,11,9,27,6,29
C603,9,11,12,8,18,16,15,9,-7,-3,28,26,34,39,33,29,31,34,17,16,20,14,24
C604,5,7,15,13,14,16,18,13,-3,4,23,21,25,32,26,25,21,29,15,13,25,16,23
C605,8,5,15,12,15,12,19,11,-1,4,27,30,33,27,26,28,29,30,24,31,21,19,21
C606,9,13,13,4,14,15,15,16,1,1,36,37,32,33,29,38,37,29,8,21,17,12,13
C607,7,16,12,5,14,18,12,13,-5,-2,29,32,26,27,30,30,21,32,17,20,22,22,22
C608,13,7,13,7,19,13,15,13,0,-4,27,31,30,28,26,29,32,32,11,9,15,11,23
C609,5,9,17,8,13,17,11,20,3,-2,29,30,33,31,28,29,33,27,12,28,19,15,22
C61,13,15,13,15,12,12,16,16,4,4,30,24,18,26,17,27,25,23,12,19,17,13,26
C610,12,8,12,8,13,17,15,15,-2,2,26,25,36,28,29,29,34,32,20,13,14,7,25
C611,11,4,19,7,15,17,14,12,-5,-1,26,33,38,35,29,26,29,33,17,29,21,10,27
C612,7,12,7,7,15,17,9,17,0,-6,31,39,32,33,32,30,27,26,24,20,23,23,29
C613,11,7,9,13,16,12,15,18,6,-1,36,32,33,23,28,34,29,34,20,22,6,6,20
C614,12,5,15,8,17,15,11,17,2,-6,34,37,39,27,27,34,32,28,26,25,16,14,18
C615,3,15,16,8,12,17,17,16,-1,5,35,31,36,29,30,29,34,25,10,28,22,14,23
C616,3,11,17,9,16,13,18,18,5,2,27,25,38,34,28,27,37,38,11,20,18,13,18
C617,11,11,11,7,18,15,14,18,3,-4,35,31,34,25,24,31,33,33,10,13,13,22,17
C618,9,5,12,7,14,18,18,12,-6,4,26,31,37,23,25,28,28,30,21,32,10,7,18
C619,3,11,13,13,18,14,11,18,4,-7,29,33,35,28,34,30,31,39,16,19,24,14,16
C62,10,16,13,15,15,17,18,14,-3,3,29,33,34,31,27,30,29,26,12,19,17,13,26
C620,7,9,13,11,12,14,19,12,-2,7,33,29,28,32,25,24,34,25,17,18,11,8,22
C621,7,4,17,12,13,19,14,13,-6,1,35,33,35,28,31,34,36,33,10,26,9,10,20
C622,9,11,12,8,14,13,17,17,4,3,29,36,33,29,29,26,30,18,17,17,9,21,23
C623,9,5,15,11,14,17,21,12,-5,7,26,27,20,28,28,24,21,22,13,29,18,13,20
C624,15,3,17,5,17,13,16,15,2,-1,28,32,31,24,31,29,29,34,21,17,11,11,20
C625,8,9,11,9,14,13,15,14,1,1,28,31,33,29,30,28,34,30,23,27,14,18,17
C626,15,3,15,8,16,10,14,21,11,-2,31,27,29,19,24,27,29,27,21,24,12,12,22
C627,13,3,12,12,17,8,17,20,12,0,27,27,32,21,25,30,25,29,29,16,12,19,20
C628,12,5,15,8,16,11,17,15,4,1,32,29,35,24,30,29,28,35,22,28,20,19,25
C629,4,9,16,12,12,14,22,14,0,10,29,34,34,32,33,33,30,35,26,26,20,11,16
C63,13,15,15,11,14,13,17,15,2,3,27,24,19,25,17,30,24,24,17,18,14,19,20
C630,15,5,15,5,12,16,15,15,-1,3,26,30,36,30,29,36,33,30,11,20,23,10,20
C631,5,8,17,9,12,14,18,13,-1,6,29,29,31,29,29,34,32,34,11,19,31,11,28
C632,15,5,12,8,14,19,15,9,-10,1,25,32,32,29,28,39,31,35,21,19,10,19,23
C633,15,3,15,8,20,9,17,17,8,-3,26,28,27,36,30,26,30,29,27,28,14,8,26
C634,12,9,11,8,18,16,15,13,-3,-3,25,24,18,20,28,24,29,24,15,21,16,20,23
C635,13,5,12,9,17,17,12,13,-4,-5,29,34,27,35,30,34,34,30,12,11,15,18,18
C636,12,9,13,5,18,9,14,19,10,-4,26,29,35,23,24,25,26,25,17,14,16,19,17
C637,9,13,8,9,15,18,17,10,-8,2,30,32,26,33,30,31,29,30,19,20,21,19,20
C638,12,8,9,11,20,16,16,15,-1,-4,15,21,13,19,14,19,23,14,23,12,22,24,18
C639,5,12,13,9,13,13,16,16,3,3,28,31,30,29,31,32,32,35,17,15,17,13,22
C64,11,16,15,19,16,15,14,12,-3,-2,25,26,29,26,24,25,26,32,18,15,12,12,15
C640,8,13,16,3,13,16,16,13,-3,3,30,28,33,26,22,29,27,29,16,23,27,10,26
C641,8,9,7,16,14,17,12,15,-2,-2,26,24,34,40,28,21,22,35,12,25,16,13,17
C642,8,13,16,3,13,11,19,14,3,6,26,30,31,25,22,32,16,26,14,22,16,27,20
C643,9,8,9,13,17,15,9,19,4,-8,37,36,31,25,28,28,32,25,29,23,8,16,25
C644,9,11,13,7,16,14,15,14,0,-1,26,34,25,26,24,25,30,29,11,24,21,8,17
C645,15,8,16,8,12,18,16,16,-2,4,30,28,31,19,28,21,32,26,11,23,22,16,25
C646,9,8,17,5,15,18,18,10,-8,3,28,25,28,22,27,26,29,23,11,26,22,11,21
C647,9,1,7,3,15,15,16,19,4,1,22,24,34,31,27,32,23,25,24,20,21,18,18
C648,7,12,13,8,17,16,11,13,-3,-6,32,28,38,25,26,27,27,34,17,14,16,19,17
C649,12,7,13,9,15,12,19,15,3,4,27,21,26,21,20,22,21,27,23,12,22,19,21
C65,17,14,7,5,14,12,20,13,1,6,22,28,33,22,21,26,26,26,17,12,18,16,27
C650,11,12,9,8,14,14,16,20,6,2,25,31,33,29,29,31,27,34,21,15,22,19,20
C651,3,13,7,17,14,17,14,11,-6,0,38,30,34,31,26,37,33,21,12,28,19,15,22
C652,11,8,13,8,14,13,18,15,2,4,34,29,28,29,21,34,29,26,20,20,27,15,31
C653,13,5,15,7,15,15,20,13,-2,5,33,31,32,35,29,29,32,34,20,28,29,13,28
C654,12,9,12,7,16,15,14,17,2,-2,31,31,36,36,33,34,38,38,22,19,14,17,24
C655,9,7,13,11,16,16,12,18,2,-4,23,29,29,27,30,28,27,23,13,25,17,22,21
C656,13,8,9,9,16,19,10,11,-8,-6,31,35,27,37,38,29,32,31,45,25,19,18,25
C657,13,11,11,5,12,17,16,11,-6,4,33,35,29,30,32,32,35,29,6,19,14,7,25
C658,9,9,9,12,17,18,14,12,-6,-3,33,28,26,32,33,37,28,26,28,20,18,16,25
C659,8,8,12,12,19,9,16,14,5,-3,28,33,32,28,30,29,31,23,20,25,20,12,28
C66,17,13,12,13,12,18,11,19,1,-1,15,23,27,32,28,28,36,24,33,17,21,18,20
C660,12,11,4,13,9,18,19,11,-7,10,28,32,26,26,27,25,32,27,7,20,20,23,29
C661,11,8,12,9,18,16,14,17,1,-4,27,35,27,28,34,32,35,30,24,23,14,28,19
C662,4,7,12,17,13,16,12,16,0,-1,23,30,30,29,25,28,26,32,22,30,14,26,29
C663,12,9,12,7,18,16,14,16,0,-4,31,25,31,34,26,33,31,25,9,25,27,22,24
C664,11,7,16,7,13,12,20,12,0,7,34,31,33,27,26,26,32,24,13,16,17,6,31
C665,5,7,17,11,10,18,19,13,-5,9,31,23,34,26,24,30,24,25,12,16,23,19,21
C666,13,8,15,4,14,16,19,14,-2,5,28,19,34,28,34,30,32,33,23,27,25,12,20
C667,9,9,12,9,17,13,13,17,4,-4,29,22,26,29,31,30,31,34,14,24,18,8,23
C668,15,13,11,1,16,16,19,12,-4,3,28,28,30,20,25,29,30,27,20,23,11,14,21
C669,9,8,13,7,14,15,14,19,4,0,31,31,31,28,28,29,30,31,24,24,15,18,23
C67,18,14,13,15,17,9,12,16,7,-5,23,35,30,24,24,29,28,31,24,18,17,13,24
C670,11,11,15,4,17,15,13,18,3,-4,26,35,31,24,19,25,27,32,25,26,89,10,27
C671,9,9,9,12,12,17,15,12,-5,3,30,36,38,33,26,32,34,30,8,26,20,16,20
C672,4,12,7,17,12,18,18,11,-7,6,38,38,35,38,36,35,28,38,14,18,23,18,19
C673,11,12,13,4,12,15,17,15,0,5,33,32,31,29,33,32,30,34,17,15,12,15,30
C674,3,9,15,13,15,16,17,13,-3,2,36,36,39,38,36,33,34,34,9,22,14,10,13
C675,9,9,13,8,14,18,14,13,-5,0,31,32,39,31,33,36,34,32,15,21,22,14,25
C676,8,11,12,9,20,11,16,15,4,-4,29,34,34,35,27,35,27,34,26,22,22,17,22
C677,7,8,16,9,15,18,16,11,-7,1,30,35,38,24,32,29,31,30,13,28,16,13,23
C678,7,9,16,8,12,15,17,15,0,5,24,20,39,33,35,29,37,36,5,26,26,15,19
C679,5,9,17,8,17,15,13,18,3,-4,30,26,26,18,21,27,30,27,13,28,16,13,23
C68,12,14,14,12,17,17,13,16,-1,-4,23,42,36,52,56,48,22,21,25,27,18,17,21
C680,11,11,7,12,19,13,16,14,1,-3,26,30,32,35,32,25,18,35,31,31,18,16,13
C681,9,11,15,4,8,20,15,15,-5,7,22,20,33,30,31,21,34,22,9,25,24,9,11
C682,8,7,9,7,16,17,15,10,-7,-1,23,30,25,30,26,21,31,29,12,23,20,7,24
C683,5,9,10,9,17,12,24,13,1,7,26,34,19,18,25,29,29,27,14,21,22,10,26
C684,9,12,8,11,17,15,12,16,1,-5,34,30,25,34,28,36,33,30,25,18,15,29,25
C685,13,3,11,11,17,13,20,11,-2,3,32,36,29,28,32,25,31,21,18,14,14,23,19
C686,13,5,12,9,15,11,19,12,1,4,29,36,31,30,35,30,36,35,21,25,9,8,20
C687,11,8,12,9,15,16,10,15,-1,-5,31,31,38,29,30,33,34,31,21,35,17,9,16
C688,8,9,13,9,12,19,17,14,-5,5,31,27,23,27,25,32,23,29,8,20,22,11,32
C689,12,7,9,12,17,8,14,15,7,-3,33,28,33,26,32,22,27,30,20,28,12,16,29
C69,19,19,13,11,16,15,14,18,3,-2,35,28,39,35,32,38,37,36,13,18,10,12,22
C690,13,5,8,13,15,10,19,18,8,4,27,34,29,24,28,27,33,28,22,27,8,11,22
C691,9,11,5,15,16,12,17,14,2,1,34,35,24,28,31,33,38,35,20,24,12,15,26
C692,7,9,9,15,15,13,11,15,2,-4,32,33,30,30,29,22,36,36,18,31,14,22,30
C693,9,11,11,9,12,23,15,10,-13,3,34,31,35,32,35,33,32,30,6,20,19,9,22
C694,4,13,15,8,12,24,18,11,-13,6,30,32,30,31,22,31,28,24,9,22,15,9,21
C695,5,11,16,8,16,19,15,11,-8,-1,26,24,42,32,32,36,31,34,8,24,15,25,21
C696,7,9,15,9,10,13,18,13,0,8,22,30,34,29,30,30,25,38,21,27,18,8,28
C697,4,8,15,13,11,13,21,14,1,10,29,19,34,25,28,34,22,23,14,24,28,9,23
C698,12,5,15,8,17,16,15,11,-5,-2,27,28,31,24,29,26,23,33,17,24,14,12,23
C699,13,9,11,7,12,18,22,4,-14,10,25,29,28,29,27,26,28,27,5,7,9,7,5
C7,15,18,9,5,10,19,17,15,-4,7,34,27,26,24,24,26,28,24,11,12,15,11,17
C70,11,10,13,14,17,17,13,16,-1,-4,21,24,28,29,26,20,28,26,18,13,20,18,20
C700,9,9,9,12,17,17,13,16,-1,-4,40,35,32,24,34,34,37,26,12,27,14,26,7
C701,5,15,15,8,15,12,15,17,5,0,28,24,21,31,28,33,23,24,12,25,24,11,26
C702,11,12,11,7,10,14,17,18,4,7,25,21,30,27,26,27,34,35,15,18,18,20,25
C703,9,4,16,11,16,18,14,13,-5,-2,31,25,36,33,24,29,27,30,22,26,24,25,25
C704,7,9,16,8,13,11,22,11,0,9,32,31,35,29,26,30,31,30,13,24,14,20,29
C705,7,8,13,12,13,13,18,14,1,5,34,36,30,22,23,33,33,27,14,20,12,13,25
C706,12,9,12,7,12,15,19,13,-2,7,31,28,30,25,20,32,28,25,25,26,13,12,26
C707,12,11,9,8,15,14,15,13,-1,0,32,30,29,38,30,27,31,29,10,27,11,7,30
C708,11,4,17,8,14,13,19,15,2,5,37,37,39,32,35,36,38,28,9,22,19,8,21
C709,12,3,17,8,19,18,15,13,-5,-4,33,30,33,42,20,34,30,33,18,27,14,13,22
C71,15,19,18,19,14,18,19,10,-8,5,27,27,26,16,26,28,23,27,11,11,15,14,14
C710,12,5,13,9,14,13,14,19,6,0,34,34,28,27,36,29,32,36,16,16,15,8,18
C711,11,7,17,5,14,13,22,10,-3,8,28,31,29,33,30,26,35,25,13,23,16,11,24
C712,9,8,12,11,18,12,14,14,2,-4,26,28,25,19,27,29,28,28,22,27,18,14,24
C713,11,9,15,5,13,15,15,18,3,2,26,31,28,32,26,26,32,31,16,19,14,16,21
C714,12,9,12,7,12,22,17,12,-10,5,37,30,33,25,22,31,35,28,19,18,26,23,22
C715,1,19,13,7,15,18,19,12,-6,4,26,24,35,29,29,29,30,30,29,21,22,26,25
C716,8,16,8,8,17,17,12,17,0,-5,27,29,24,28,32,31,30,32,19,14,17,21,22
C717,9,9,13,8,11,16,17,15,-1,6,22,28,30,27,23,29,27,28,13,27,21,12,22
C718,3,7,16,15,17,11,15,18,7,-2,22,29,34,29,33,28,29,29,28,19,15,11,8
C719,12,12,8,8,13,19,17,10,-9,4,26,31,18,31,24,28,34,23,21,21,25,14,18
C72,15,15,17,18,18,14,18,14,0,0,16,21,28,31,27,28,29,28,17,15,26,15,24
C720,15,5,11,9,13,13,15,18,5,2,32,38,33,34,29,33,31,27,19,18,17,17,19
C721,12,1,17,9,19,15,14,16,1,-5,34,37,34,30,33,34,30,29,19,19,21,19,19
C722,12,5,16,8,17,18,10,16,-2,-7,29,29,36,32,27,33,30,36,18,17,16,16,19
C723,8,7,16,9,15,15,15,26,11,0,26,32,31,31,31,32,29,26,18,17,17,19,22
C724,12,8,12,8,19,9,13,20,11,-6,27,34,30,32,23,27,25,33,21,22,21,19,21
C725,9,12,8,11,14,17,14,12,-5,0,35,35,34,31,34,37,35,34,24,22,23,18,21
C726,9,5,19,7,17,14,10,17,3,-7,33,37,31,32,33,38,37,33,22,22,17,16,21
C727,9,7,12,12,15,17,18,11,-6,3,29,33,34,27,23,27,28,29,22,21,21,17,21
C728,9,9,13,8,17,17,15,16,-1,-2,37,35,38,34,32,33,34,28,17,21,22,14,22
C729,9,12,12,7,15,14,23,10,-4,8,32,35,38,33,32,35,34,35,16,25,19,17,21
C73,12,14,14,12,17,17,13,16,-1,-4,23,42,36,52,56,48,22,21,25,27,18,17,21
C730,9,8,12,11,15,12,19,17,5,4,32,37,32,29,30,34,30,37,19,18,21,22,18
C731,8,9,13,9,20,9,16,18,9,-4,32,26,23,28,21,28,27,30,18,21,21,24,17
C732,8,11,12,9,15,13,19,13,0,4,24,33,32,32,34,34,39,32,22,18,18,18,22
C733,12,8,12,7,14,19,19,14,-5,5,30,35,23,25,27,40,30,26,17,16,16,18,23
C734,5,12,11,12,11,17,19,10,-7,8,36,29,26,33,35,35,29,34,15,16,15,18,21
C735,11,12,11,9,15,16,14,16,0,-1,27,33,33,34,30,32,35,29,17,16,16,17,22
C736,11,4,13,9,12,15,19,15,0,7,30,32,31,27,24,29,32,33,17,21,18,18,22
C737,15,7,5,13,19,12,10,18,6,-9,29,30,26,32,21,28,29,33,18,22,21,23,22
C738,5,9,13,11,15,16,17,11,-5,2,30,26,28,31,30,25,34,27,17,17,18,14,16
C739,8,11,9,12,18,10,16,17,7,-2,30,34,34,34,30,36,30,31,16,16,15,8,18
C74,13,14,11,12,21,15,12,13,-2,-9,29,24,25,24,25,26,24,25,13,18,10,12,22
C740,12,8,11,9,18,10,13,18,8,-5,22,24,29,17,18,25,25,31,25,18,22,29,25
C741,9,5,16,9,12,20,13,16,-4,1,30,31,27,28,19,28,28,29,21,21,23,18,21
C742,13,8,13,5,12,16,22,11,-5,10,33,33,25,27,26,32,27,32,18,21,22,19,17
C743,11,9,9,11,12,19,16,13,-6,4,34,29,30,26,29,32,31,30,17,22,18,18,17
C744,12,8,12,8,16,14,9,18,4,-7,35,30,37,32,37,36,35,31,17,21,18,14,21
C745,12,7,17,4,15,20,13,13,-7,-2,32,29,33,25,27,32,30,32,17,22,18,17,21
C746,8,9,12,11,11,19,19,14,-5,8,23,30,34,26,23,32,28,33,16,21,18,17,21
C747,13,7,12,8,16,13,11,18,5,-5,25,31,26,29,25,30,29,33,17,16,15,8,18
C748,12,5,15,8,16,20,13,11,-9,-3,30,27,35,32,28,21,25,28,18,22,18,14,21
C749,12,12,12,4,15,14,13,19,5,-2,37,28,24,33,33,30,33,30,21,21,23,18,18
C75,12,13,15,8,19,14,13,17,3,-6,25,23,30,24,32,29,31,32,19,21,23,7,18
C750,12,7,13,10,16,13,16,14,1,0,25,31,26,28,25,30,29,33,21,21,23,22,21
C751,12,4,15,9,18,19,14,13,-6,-4,36,31,35,33,33,32,36,34,15,16,15,8,18
C752,9,13,11,7,14,17,14,14,-3,0,28,26,31,30,28,31,24,29,16,16,15,22,18
C753,14,8,12,6,15,15,13,18,3,-2,31,22,30,25,34,29,30,25,17,21,15,8,18
C754,3,16,11,11,16,17,21,14,-3,5,29,33,32,34,33,35,31,30,17,16,21,8,22
C755,11,9,13,7,39,67,87,94,27,48,30,37,21,20,28,20,34,20,17,23,15,8,21
C756,15,9,11,5,29,75,64,90,15,35,29,26,39,28,30,34,36,30,17,21,15,8,22
C757,9,7,12,12,14,14,20,14,0,6,37,26,32,24,25,29,30,22,21,21,23,18,22
C758,8,8,15,9,14,13,18,13,0,4,30,34,40,33,36,33,32,35,17,21,15,8,22
C759,15,7,13,5,68,94,74,17,-77,6,31,35,34,30,25,30,28,32,21,18,18,18,22
C76,12,19,14,10,12,15,18,10,-5,6,31,28,33,31,30,34,34,31,16,19,19,13,22
C760,13,7,16,4,16,15,15,17,2,-1,35,30,37,23,30,32,33,36,18,21,23,18,21
C761,12,7,13,8,18,19,14,13,-6,-4,32,34,39,31,34,34,34,32,18,22,23,18,23
C762,13,8,8,11,13,19,15,13,-6,2,29,29,23,20,27,29,29,30,22,21,18,21,23
C763,12,7,12,9,14,16,18,17,1,4,30,31,22,30,26,29,29,34,21,17,18,17,22
C764,7,8,17,8,14,16,18,17,1,4,25,30,35,23,26,33,24,30,17,22,18,17,21
C765,5,17,8,9,13,19,15,13,-6,2,28,37,35,30,31,28,33,35,17,21,18,23,22
C766,11,8,16,7,13,18,17,17,-1,4,30,28,36,32,33,35,33,28,18,17,16,18,21
C767,13,4,16,7,13,18,17,17,-1,4,27,37,31,38,27,24,28,29,18,17,19,16,21
C768,11,13,7,9,17,19,11,15,-4,-6,25,26,25,24,25,31,26,27,17,18,18,16,15
C769,7,15,15,7,19,11,16,16,5,-3,24,24,20,16,23,21,32,27,22,21,18,19,17
C77,7,12,9,6,14,13,16,20,7,2,29,28,31,30,22,29,26,26,12,8,22,12,25
C770,5,11,12,12,19,9,14,16,7,-5,37,31,38,34,28,34,25,27,14,25,15,22,21
C771,13,7,11,9,15,10,22,13,3,7,26,31,27,31,29,21,30,31,22,21,18,19,17
C772,13,9,8,9,15,10,21,13,3,6,35,37,37,35,29,35,37,38,21,22,18,17,21
C773,13,16,7,9,9,20,14,14,-6,5,20,23,25,20,38,28,26,25,18,22,17,19,21
C774,11,17,4,8,15,12,19,11,-1,4,31,36,37,30,30,33,33,46,17,21,18,17,21
C775,13,4,9,13,14,15,15,16,1,1,31,34,23,25,30,27,35,27,21,18,17,22,21
C776,7,8,15,9,14,18,12,13,-5,-2,32,34,33,32,29,33,34,30,17,21,19,17,22
C777,12,8,9,11,19,13,15,13,0,-4,29,37,34,30,31,30,32,29,17,18,19,14,15
C778,11,4,15,8,13,17,11,20,3,-2,29,31,38,27,28,33,31,30,21,22,18,17,21
C779,11,9,12,8,13,17,15,15,-2,2,27,24,34,35,29,31,28,33,17,21,18,18,22
C78,19,18,11,9,13,17,19,10,-7,6,30,34,30,24,24,31,34,31,20,20,23,19,22
C780,9,15,9,7,15,17,14,12,-5,-1,22,30,29,29,26,26,26,37,22,18,21,17,19
C781,7,15,11,8,15,17,9,17,0,-6,29,28,30,23,23,25,27,29,15,16,17,22,21
C782,16,5,11,8,16,12,15,18,6,-1,31,34,15,22,27,25,25,27,18,22,14,21,22
C783,9,13,8,9,17,15,11,17,2,-6,30,32,35,35,28,33,30,36,21,22,17,18,23
C784,15,5,11,9,12,17,17,16,-1,5,25,27,23,28,26,29,28,24,13,23,22,18,16
C785,11,8,13,7,16,13,18,18,5,2,25,29,29,33,29,31,31,31,18,17,18,22,23
C786,11,8,9,12,18,15,14,18,3,-4,32,35,25,25,24,38,28,33,17,21,18,17,21
C787,5,8,17,9,14,18,18,12,-6,4,29,29,35,34,28,28,33,32,22,21,18,17,19
C788,7,12,9,12,18,14,11,18,4,-7,30,32,28,35,31,35,32,30,17,18,22,23,22
C789,7,16,9,8,12,14,19,12,-2,7,22,26,37,35,30,34,23,34,17,22,21,24,23
C79,17,17,12,11,17,10,17,12,2,0,29,28,29,29,27,29,27,30,17,19,18,16,22
C790,13,7,13,7,13,19,14,13,-6,1,26,31,33,21,28,23,26,36,21,22,21,18,22
C791,13,5,13,8,14,13,17,17,4,3,34,40,34,36,34,37,37,38,21,18,17,18,22
C792,13,3,15,9,14,17,21,12,-5,7,26,33,30,26,32,26,31,30,22,18,17,17,23
C793,15,7,12,7,17,13,16,15,2,-1,28,33,35,27,29,29,31,26,18,17,17,18,16
C794,8,8,13,11,14,13,15,14,1,1,25,32,19,34,32,30,36,29,18,22,23,24,17
C795,13,5,11,11,16,10,14,21,11,-2,24,31,32,30,27,22,28,36,22,18,17,16,21
C796,4,16,12,8,17,8,17,20,12,0,32,24,33,38,31,36,30,34,20,20,18,19,21
C797,15,12,9,4,16,11,17,15,4,1,30,38,23,36,36,36,35,32,20,15,16,24,18
C798,11,8,16,5,12,14,22,14,0,10,27,36,27,21,22,31,30,18,19,21,18,17,22
C799,16,7,12,5,12,16,15,15,-1,3,28,34,33,35,30,33,35,33,22,18,17,19,15
C8,12,14,11,9,16,11,12,18,7,-4,30,31,30,29,30,37,26,29,14,23,15,18,20
C80,14,16,14,10,12,16,17,18,2,5,21,30,23,28,21,30,30,29,17,19,20,21,19
C800,12,5,12,11,12,14,18,13,-1,6,31,30,30,22,22,29,24,30,18,19,17,20,22
C801,9,8,11,12,14,19,15,9,-10,1,28,33,20,24,20,29,31,27,22,23,14,15,21
C802,15,9,9,5,20,9,17,17,8,-3,29,29,33,28,30,24,24,17,17,18,18,24,21
C803,8,11,15,7,18,16,15,13,-3,-3,29,29,33,35,32,31,29,30,17,21,20,20,21
C804,17,7,5,7,17,17,12,13,-4,-5,27,32,37,31,28,20,28,31,21,22,21,18,16
C805,13,13,9,4,18,9,14,19,10,-4,21,29,26,29,24,32,28,29,12,21,18,17,22
C806,9,12,11,8,15,18,17,10,-8,2,34,26,37,37,34,31,34,32,18,17,17,18,16
C807,7,15,8,11,20,16,16,15,-1,-4,28,34,28,35,31,33,34,33,16,21,18,17,22
C808,9,9,12,9,13,13,16,16,3,3,29,35,36,32,30,31,25,27,23,17,21,18,21
C809,4,17,8,11,13,16,16,13,-3,3,30,29,34,27,35,32,30,29,16,17,22,23,18
C81,14,14,15,16,16,1,16,19,18,0,31,29,31,31,27,35,33,31,18,18,18,15,12
C810,11,11,13,5,14,17,12,15,-2,-2,34,35,36,38,28,39,35,37,21,22,17,18,22
C811,12,12,11,5,13,11,19,14,3,6,29,30,31,30,22,34,22,25,17,18,21,15,22
C812,13,7,8,12,17,15,9,19,4,-8,27,45,35,28,38,31,31,28,18,17,24,17,22
C813,13,7,11,8,16,14,15,14,0,-1,30,32,36,35,32,36,31,30,16,24,19,20,21
C814,8,9,11,12,12,18,16,16,-2,4,28,24,29,22,30,22,27,28,22,21,23,18,17
C815,13,9,12,5,15,18,18,10,-8,3,27,25,36,33,33,33,30,29,18,17,21,20,22
C816,9,11,11,9,15,15,16,19,4,1,27,25,28,24,22,34,29,20,21,20,18,17,22
C817,16,3,13,8,17,16,11,13,-3,-6,31,32,34,32,25,33,36,32,19,17,19,17,15
C818,5,11,17,7,15,12,19,15,3,4,34,21,24,25,27,31,24,25,22,18,21,23,22
C819,9,5,16,9,14,14,16,20,6,2,31,26,26,30,27,29,27,27,21,22,23,24,21
C82,13,16,12,13,12,10,19,14,4,7,26,26,24,26,22,28,28,22,22,18,15,12,23
C820,16,9,11,4,14,17,14,11,-6,0,32,36,33,36,30,29,27,25,17,22,14,15,21
C821,13,4,13,9,14,13,18,15,2,4,29,25,30,29,23,28,26,31,18,14,15,16,21
C822,9,8,17,5,15,15,20,13,-2,5,24,30,33,28,32,29,29,30,18,21,17,24,22
C823,1,13,15,11,16,15,14,17,2,-2,33,34,34,30,28,36,30,26,18,21,24,18,21
C824,11,9,11,9,16,16,12,18,2,-4,29,32,29,33,32,31,35,34,17,18,21,20,22
C825,13,5,11,11,16,19,10,11,-8,-6,31,29,34,29,30,33,34,24,21,22,18,17,21
C826,8,15,8,9,12,17,16,11,-6,4,33,38,39,36,36,36,37,36,18,17,19,20,17
C827,12,5,13,9,17,18,14,12,-6,-3,27,31,19,30,28,30,27,23,21,22,18,23,24
C828,12,9,13,5,19,9,16,14,5,-3,36,39,26,25,31,31,33,39,18,17,19,20,18
C829,11,9,11,9,9,18,19,11,-7,10,29,30,17,28,23,35,28,30,17,18,22,15,24
C83,15,16,18,19,19,15,16,11,-4,-3,27,32,29,25,27,32,26,33,17,21,16,13,25
C830,13,8,13,5,18,16,14,17,1,-4,30,25,34,28,20,30,34,25,17,22,18,24,18
C831,8,15,8,9,13,16,12,16,0,-1,27,33,32,28,23,20,26,32,22,21,23,22,22
C832,3,17,12,8,18,16,14,16,0,-4,31,25,36,33,34,34,31,31,18,21,22,19,20
C833,7,8,15,11,13,12,20,12,0,7,33,33,34,34,33,32,35,29,18,22,23,18,22
C834,7,5,12,16,10,18,19,13,-5,9,18,36,22,19,21,25,29,31,22,23,18,18,22
C835,11,7,12,11,14,16,19,14,-2,5,31,32,36,30,32,28,28,29,22,18,19,24,22
C836,15,4,13,8,17,13,13,17,4,-4,28,31,21,18,27,25,28,19,18,18,17,17,22
C837,9,9,9,12,16,16,19,12,-4,3,31,33,33,26,26,24,30,27,18,22,17,19,20
C838,12,9,9,9,14,15,14,19,4,0,35,35,31,34,32,29,37,31,23,22,17,24,22
C839,13,5,11,11,17,15,13,18,3,-4,30,31,31,33,32,33,33,26,24,22,18,23,21
C84,6,13,14,13,17,17,14,15,-2,-3,29,30,31,33,30,33,29,24,23,25,17,16,21
C840,13,1,13,12,12,17,15,12,-5,3,30,37,28,26,35,26,35,30,17,21,18,17,22
C841,11,3,11,8,12,18,18,11,-7,6,38,37,30,33,29,37,32,28,17,23,18,14,22
C842,11,9,13,7,12,15,17,15,0,5,32,28,28,23,30,36,27,23,16,21,18,17,20
C843,11,7,16,7,15,16,17,13,-3,2,29,31,30,30,27,26,26,30,22,19,20,21,22
C844,13,7,15,5,14,18,14,13,-5,0,31,28,25,25,26,31,29,30,18,22,17,20,22
C845,11,11,12,7,20,11,16,15,4,-4,32,29,27,29,28,34,31,32,23,22,17,20,24
C846,12,9,13,7,15,18,16,11,-7,1,28,33,21,32,29,30,32,28,17,19,16,15,22
C847,12,5,9,13,12,15,17,15,0,5,35,38,32,34,31,27,33,23,22,21,17,24,22
C848,11,7,12,11,17,15,13,18,3,-4,33,32,30,28,30,31,31,29,18,21,14,16,22
C849,12,7,12,9,19,13,16,14,1,-3,35,31,33,29,35,33,31,35,17,19,20,18,23
C85,15,19,13,7,16,14,16,13,-1,0,32,32,23,29,27,35,31,28,15,21,11,9,17
C850,13,7,13,7,8,20,15,15,-5,7,35,30,30,34,33,31,34,31,17,18,17,17,22
C851,7,12,15,7,16,17,15,10,-7,-1,20,21,36,25,32,24,30,36,22,14,22,19,21
C852,12,4,13,11,17,12,24,13,1,7,29,30,37,23,28,28,30,30,17,23,18,20,24
C853,9,5,16,9,17,15,12,16,1,-5,29,29,28,20,29,35,29,28,16,22,23,17,21
C854,16,5,13,5,17,13,20,11,-2,3,29,29,32,35,29,29,30,34,23,22,18,24,22
C855,9,9,11,11,15,11,19,12,1,4,30,32,33,33,30,32,37,30,23,18,17,14,25
C856,9,16,4,11,15,16,10,15,-1,-5,28,25,33,35,32,36,38,33,18,19,23,20,17
C857,11,9,12,8,12,19,17,14,-5,5,33,31,36,29,31,34,31,28,17,22,19,16,21
C858,12,7,11,11,17,8,14,15,7,-3,33,31,27,33,32,32,31,35,18,21,19,17,22
C859,11,5,16,8,15,10,19,18,8,4,28,31,32,28,33,34,29,31,22,21,20,20,24
C86,13,13,8,8,14,15,16,15,0,2,29,38,22,27,27,31,27,21,7,16,18,7,23
C860,12,12,8,9,16,12,17,14,2,1,35,31,34,30,35,27,38,31,23,24,18,17,21
C861,12,7,8,13,15,13,11,15,2,-4,28,29,37,20,28,27,23,26,22,21,14,15,21
C862,12,12,7,9,12,23,15,10,-13,3,35,33,34,31,35,33,32,32,20,21,17,18,17
C863,12,5,15,8,12,24,18,11,-13,6,26,23,33,28,29,30,34,29,18,24,15,14,21
C864,9,13,9,8,16,19,15,11,-8,-1,30,27,29,25,28,26,31,30,18,17,16,19,14
C865,13,13,12,3,10,13,18,13,0,8,33,33,33,34,34,28,29,34,17,18,19,14,21
C866,13,7,11,9,11,13,21,14,1,10,34,30,34,30,28,36,34,33,20,21,20,20,22
C867,13,4,12,9,17,16,15,11,-5,-2,29,22,48,23,31,41,30,28,18,17,16,15,21
C868,11,5,16,8,12,18,22,4,-14,10,28,27,37,22,27,34,30,24,19,21,18,17,22
C869,16,1,13,9,17,17,13,16,-1,-4,29,35,36,24,31,27,29,37,21,18,17,17,22
C87,10,16,9,2,13,16,13,14,-2,0,31,26,37,26,30,33,28,22,11,17,23,14,17
C870,3,15,16,7,15,12,15,17,5,0,32,30,33,30,31,35,33,28,22,18,17,17,17
C871,9,5,13,12,10,14,17,18,4,7,28,24,29,28,31,32,24,31,21,23,22,18,17
C872,12,9,9,9,16,18,14,13,-5,-2,25,29,36,28,29,29,29,34,14,16,15,14,21
C873,12,8,13,7,13,11,22,11,0,9,34,33,37,35,29,30,32,33,22,18,21,14,22
C874,8,8,16,8,13,13,18,14,1,5,35,35,38,38,27,35,34,38,18,21,17,24,14
C875,9,13,12,5,12,15,19,13,-2,7,30,35,35,34,32,32,34,33,14,22,14,17,23
C876,13,8,7,9,15,14,15,13,-1,0,28,35,33,21,27,25,33,27,24,15,21,22,21
C877,5,16,12,7,14,13,19,15,2,5,32,27,30,23,32,38,27,30,15,14,16,18,22
C878,15,7,11,8,19,18,15,13,-5,-4,27,33,24,26,22,25,31,24,23,21,22,18,17
C879,12,9,15,4,14,13,14,19,6,0,23,33,34,28,30,31,27,20,21,18,17,15,22
C88,15,19,14,11,13,16,11,17,1,-2,24,35,37,27,30,37,27,31,9,12,7,6,15
C880,5,11,15,9,14,13,22,10,-3,8,29,24,36,30,27,29,28,25,18,21,22,17,21
C881,7,19,12,3,18,12,14,14,2,-4,36,29,28,35,33,29,31,37,22,23,14,15,16
C882,9,4,16,11,13,15,15,18,3,2,35,39,39,34,34,35,31,34,19,18,21,20,20
C883,4,13,12,11,12,22,17,12,-10,5,32,33,35,30,26,31,25,28,17,21,20,20,18
C884,9,7,13,8,15,18,19,12,-6,4,33,29,35,29,31,33,34,36,15,22,21,14,21
C885,15,4,13,8,17,17,12,17,0,-5,23,28,23,19,20,30,21,31,20,23,24,18,22
C886,8,7,13,11,11,16,17,15,-1,6,30,21,39,27,27,34,32,28,19,22,23,18,22
C887,8,4,19,9,17,11,15,18,7,-2,34,31,29,28,32,26,29,26,22,23,18,17,21
C888,15,8,11,7,13,19,17,10,-9,4,36,28,38,26,32,33,29,35,18,21,18,18,14
C889,9,8,12,11,16,14,14,18,4,-2,31,28,36,33,29,27,30,34,22,18,20,20,21
C89,4,17,12,12,14,13,15,15,2,1,31,26,27,32,37,37,31,35,19,20,14,9,25
C890,8,9,16,7,14,17,19,9,-8,5,26,31,23,27,28,38,24,30,21,15,18,14,21
C891,11,4,15,11,17,13,15,12,-1,-2,34,26,31,35,30,31,27,32,18,17,15,24,22
C892,9,4,15,11,14,15,17,15,0,3,22,29,22,23,22,25,26,21,22,22,15,14,21
C893,9,9,11,11,17,17,13,17,0,-4,28,37,25,34,30,27,31,24,17,21,15,21,19
C894,9,13,12,5,14,16,19,12,-4,5,29,22,32,27,26,33,30,25,18,21,22,18,21
C895,8,11,15,7,15,16,18,16,0,3,32,29,33,32,31,37,30,35,18,22,14,15,22
C896,7,13,12,9,17,17,12,17,0,-5,29,26,25,25,28,30,25,27,17,21,22,18,21
C897,5,15,12,8,14,17,19,9,-8,5,30,31,28,23,33,24,29,34,18,22,15,14,22
C898,5,7,17,11,9,17,15,15,-2,6,35,24,37,32,32,31,33,36,18,21,22,15,21
C899,12,9,15,8,15,16,18,16,0,3,29,28,25,22,26,31,24,25,17,22,21,15,14
C9,17,19,18,17,13,14,17,16,2,4,36,39,35,36,35,35,36,35,11,11,17,8,23
C90,10,19,11,7,16,13,21,10,-3,5,24,29,35,20,17,28,27,28,14,25,20,15,22
C900,12,7,13,8,18,11,15,20,9,-3,32,23,32,24,27,33,29,28,14,14,15,17,22
C901,9,15,11,5,18,17,14,17,0,-4,23,37,34,32,29,22,33,34,22,21,23,21,20
C902,9,1,11,5,13,13,16,14,1,3,20,21,25,21,21,28,22,27,21,22,15,14,18
C903,9,11,13,7,15,11,13,16,5,-2,32,29,32,33,36,32,30,30,18,21,17,15,22
C904,9,11,8,5,16,17,14,11,-6,-2,21,27,31,33,35,26,24,36,17,18,14,15,21
C905,11,7,15,8,18,17,14,17,0,-4,28,23,33,27,25,31,27,26,20,23,22,18,17
C906,12,4,16,8,13,13,16,14,1,3,35,31,32,27,33,34,30,28,22,14,15,25,18
C907,11,9,8,12,15,11,13,16,5,-2,31,31,36,34,31,36,31,35,17,22,23,14,21
C908,11,3,15,12,16,17,14,11,-6,-2,32,27,27,25,28,29,25,33,18,22,15,17,21
C909,11,15,11,3,19,15,14,14,-1,-5,35,29,31,30,30,34,33,23,18,22,21,14,21
C91,19,14,9,10,15,10,20,17,7,5,28,31,30,27,29,31,31,30,13,11,16,14,26
C910,13,11,15,4,13,12,9,11,-1,-4,33,36,38,35,18,36,23,32,18,17,17,17,21
C911,9,8,11,12,18,14,11,13,-1,-7,31,25,28,28,27,35,27,33,20,21,22,14,21
C912,15,8,13,4,10,18,17,13,-5,7,26,27,25,31,28,29,29,21,18,21,22,14,21
C913,8,11,12,9,16,14,15,15,1,-1,32,32,38,34,30,31,27,28,20,22,18,17,14
C914,5,11,15,8,14,14,15,15,1,1,30,35,34,33,33,32,29,35,18,21,17,24,22
C915,8,11,15,7,13,19,16,13,-6,3,26,27,32,29,27,25,28,31,14,21,22,18,21
C916,15,7,13,5,17,17,15,10,-7,-2,31,37,29,28,27,31,29,32,17,14,15,14,19
C917,17,3,13,5,15,18,14,17,-1,-1,33,35,32,34,34,33,39,37,22,22,17,18,22
C918,11,7,9,13,14,15,19,11,-4,5,25,33,29,34,30,27,23,40,19,22,18,17,21
C919,4,13,12,11,9,16,21,11,-5,12,33,33,34,38,32,34,31,48,20,18,22,17,20
C92,16,17,9,6,15,17,15,13,-4,0,30,32,31,28,29,37,34,28,11,7,13,12,21
C920,15,4,16,5,15,19,14,13,-6,-1,31,25,28,28,27,35,27,33,18,22,21,14,21
C921,9,12,15,4,14,16,18,12,-4,4,27,21,32,31,32,32,31,32,22,21,21,18,22
C922,16,5,8,11,14,15,15,17,2,1,28,35,26,24,33,28,27,33,22,22,18,24,22
C923,5,13,12,11,21,17,17,13,-4,-4,31,31,30,31,30,31,30,22,22,22,21,24,23
C924,8,5,13,4,18,15,14,17,2,-4,33,32,35,32,31,34,55,36,22,18,17,15,21
C925,5,9,15,11,15,18,20,14,-4,5,35,43,44,40,27,35,34,29,14,21,20,20,19
C926,11,9,8,3,13,13,17,17,4,4,31,24,26,31,32,35,27,31,15,23,18,22,22
C927,13,7,12,8,15,14,16,15,1,1,32,36,32,31,32,34,31,36,18,21,22,24,22
C928,5,8,15,12,15,13,20,12,-1,5,29,27,29,35,31,33,28,24,17,21,22,18,21
C929,13,8,12,7,11,8,19,17,9,8,32,32,37,30,32,31,30,31,18,22,17,17,21
C93,12,10,11,9,15,12,17,17,5,2,23,26,23,14,23,22,27,29,31,17,22,22,24
C930,8,12,8,12,12,21,11,13,-8,-1,29,27,27,25,28,23,29,28,23,21,18,19,22
C931,3,11,16,9,16,15,16,10,-5,0,28,34,35,27,22,29,27,28,17,22,21,17,21
C932,11,5,12,7,16,11,18,20,9,2,28,27,30,26,25,32,29,31,11,18,18,18,21
C933,7,12,13,8,10,19,20,13,-6,10,34,32,28,32,32,30,31,29,21,18,22,23,17
C934,13,7,12,8,13,20,15,14,-6,2,28,28,23,20,28,24,30,26,11,22,18,22,20
C935,5,4,5,4,16,12,17,14,2,1,21,23,30,26,17,27,31,28,21,20,25,11,28s
C936,6,5,6,6,15,20,15,11,-9,0,28,27,35,33,34,38,28,36,11,15,17,12,25
C937,6,5,5,47,12,17,17,17,0,5,27,28,34,33,28,29,27,30,11,22,18,18,20
C938,6,6,6,6,15,11,9,21,10,-6,25,31,24,33,29,31,32,33,12,17,18,6,16
C939,4,4,4,6,17,15,20,9,-6,3,29,28,31,31,28,34,31,31,17,19,20,19,21
C94,16,17,13,8,16,15,16,15,0,0,24,31,30,30,29,25,30,35,22,16,10,10,27
C940,6,5,5,5,19,14,14,16,2,-5,26,32,30,33,30,26,34,33,9,13,10,8,14
C941,6,4,5,5,20,17,14,13,-4,-6,28,32,33,34,35,32,34,31,18,12,17,12,23
C942,4,4,3,5,19,8,16,13,5,-3,22,29,29,24,23,25,29,30,31,13,24,7,28
C943,6,7,6,6,18,15,14,12,-3,-4,35,30,36,34,34,33,38,33,19,20,17,9,20
C944,3,4,3,5,13,16,18,15,-1,5,30,21,35,35,28,30,27,21,10,30,30,17,17
C945,12,8,15,5,11,18,21,12,-6,10,26,32,35,32,37,35,32,33,20,20,20,20,20
C946,12,5,13,9,17,17,13,16,-1,-4,30,32,34,22,26,33,27,32,12,22,9,11,19
C947,5,12,12,11,17,15,16,12,-3,-1,35,31,35,34,31,25,22,26,20,12,23,34,14
C948,5,9,17,8,11,14,19,12,-2,8,32,30,37,30,28,36,32,32,6,26,25,11,25
C949,5,11,13,11,14,13,18,16,3,4,29,37,35,31,32,27,26,31,11,23,26,10,21
C95,20,18,19,17,12,15,18,16,1,6,33,35,28,34,31,34,30,32,9,24,19,20,14
C950,9,5,13,12,11,16,11,19,3,0,33,37,35,32,32,34,37,25,15,16,8,11,23
C951,8,12,13,7,15,12,16,11,-1,1,39,38,38,38,39,39,36,38,18,21,18,19,19
C952,13,8,12,7,16,12,19,15,3,3,30,23,28,28,24,28,25,24,13,24,20,19,24
C953,7,12,12,9,15,15,17,15,0,2,31,30,32,29,26,29,28,17,20,35,21,17,25
C954,12,7,16,5,11,14,17,13,-1,6,36,31,29,30,31,36,36,32,20,24,20,11,21
C955,13,8,13,5,11,15,17,16,1,6,25,32,29,33,22,34,29,25,10,16,22,7,20
C956,13,8,8,11,16,15,17,13,-2,1,29,30,36,32,30,33,31,34,14,20,17,8,27
C957,13,5,15,7,13,15,20,16,1,7,32,32,32,31,32,23,18,27,20,23,11,8,26
C958,13,7,13,7,12,15,13,19,4,1,21,27,21,17,18,28,26,21,17,16,13,9,21
C959,7,8,13,12,11,16,21,11,-5,10,30,28,31,26,26,33,26,28,11,25,22,14,20
C96,14,17,11,12,16,10,16,22,12,0,34,30,38,39,27,35,36,31,15,14,11,12,27
C960,9,8,12,11,17,13,11,13,0,-6,28,36,25,29,25,24,32,30,18,19,18,18,21
C961,15,4,12,9,12,14,14,15,1,2,30,26,28,23,24,22,22,22,17,18,21,19,21
C962,11,11,11,8,16,18,15,14,-4,-1,31,32,36,34,30,32,34,27,22,27,16,26,17
C963,12,8,17,4,14,13,16,17,4,2,27,25,27,21,19,31,25,33,16,18,23,20,18
C964,7,11,13,9,15,16,17,14,-2,2,31,26,36,31,28,35,28,26,10,29,23,7,20
C965,9,8,12,11,15,15,15,14,-1,0,27,37,32,21,25,34,28,28,9,23,15,14,19
C966,12,5,15,8,14,18,15,16,-2,1,24,27,31,32,31,31,29,26,13,20,17,9,20
C967,9,9,15,7,17,19,12,14,-5,-5,23,24,30,24,18,31,25,29,11,19,12,12,26
C968,15,7,13,5,15,15,16,17,2,1,34,29,21,29,30,29,29,33,8,13,17,12,31
C969,11,8,13,8,14,13,19,17,4,6,36,32,31,31,27,39,35,32,12,20,28,18,23
C97,11,15,15,20,16,17,15,11,-6,-1,29,29,29,28,29,29,31,33,21,19,17,23,21
C970,12,15,11,3,21,13,13,12,-1,-8,27,29,30,30,25,34,30,29,18,12,13,19,13
C971,11,9,9,11,16,12,14,18,6,-2,30,25,26,23,26,23,27,28,17,22,15,9,21
C972,15,5,9,8,12,12,17,19,7,5,28,31,27,27,32,36,29,24,14,16,22,11,23
C973,11,3,12,15,16,17,15,8,-9,-1,31,34,33,28,31,34,30,32,21,14,16,16,22
C974,9,8,16,7,17,17,16,14,-3,-1,26,32,22,30,33,33,27,31,18,20,11,17,14
C975,8,8,16,8,14,20,13,11,-9,-1,36,36,33,26,32,32,34,25,19,18,19,21,19
C976,13,5,13,8,13,15,16,16,1,1,31,26,34,16,21,27,28,23,24,15,15,8,26
C977,9,8,12,11,14,15,15,18,3,1,33,32,30,36,29,31,32,28,17,24,21,32,23
C978,13,5,13,8,15,14,19,11,-3,4,27,20,37,26,25,25,28,22,19,18,21,19,20
C979,7,11,12,11,9,16,19,14,-2,10,28,31,31,24,25,33,29,31,8,25,25,20,16
C98,15,17,10,16,16,13,12,20,7,-4,33,31,31,28,26,25,36,29,9,19,16,18,24
C980,7,11,13,9,15,22,14,15,-7,-1,31,30,33,34,28,26,28,30,17,18,34,29,17
C981,11,8,12,9,18,15,15,13,-2,-3,32,34,35,30,34,32,34,31,15,13,16,10,11
C982,11,9,11,9,15,16,15,13,-3,0,32,31,31,25,18,28,23,32,18,29,24,22,18
C983,7,12,15,7,18,18,12,16,-2,-6,42,31,23,28,28,33,28,36,20,16,19,21,16
C984,13,5,15,7,16,13,15,15,2,-1,34,29,35,30,31,33,31,26,21,20,21,24,19
C985,13,7,16,4,17,14,14,17,3,-3,24,33,19,20,32,29,26,23,12,29,8,14,19
C986,11,12,12,5,11,18,16,14,-4,5,29,31,21,31,22,31,36,19,22,15,24,24,21
C987,7,9,15,9,12,21,10,14,-7,-2,27,27,36,30,26,31,30,29,12,28,24,7,20
C988,8,11,16,5,14,14,16,17,3,2,27,29,34,22,25,32,25,33,16,21,14,14,21
C989,13,9,12,5,15,16,17,15,-1,2,32,34,24,27,28,33,31,32,6,12,11,22,29
C99,16,18,15,16,15,16,14,12,-4,-1,30,37,36,28,33,39,33,32,18,22,16,16,23
C990,9,11,12,8,13,17,14,15,-2,1,23,25,27,33,30,33,31,31,8,15,18,15,18
C991,13,3,17,7,16,12,8,18,6,-8,29,37,36,32,29,34,38,32,28,24,9,10,29
C992,15,9,11,5,13,15,20,13,-2,7,21,34,29,21,22,24,26,25,14,24,10,14,22
C993,8,16,5,11,16,13,18,12,-1,2,36,35,21,33,25,27,35,26,15,11,17,29,25
C994,9,7,12,12,10,14,20,13,-1,10,24,24,27,25,22,32,27,28,9,28,24,19,22
C995,11,12,15,3,16,13,16,15,2,0,36,27,30,31,27,35,34,34,16,21,22,12,25
C996,8,11,15,7,19,20,15,11,-9,-4,23,23,30,27,27,25,28,29,20,21,18,18,16
C997,12,13,4,11,13,11,19,9,-2,6,34,37,25,35,35,29,35,39,23,11,14,12,20
C998,4,11,16,9,14,22,13,14,-8,-1,29,28,22,29,34,30,32,34,12,26,25,26,23
C999,12,13,8,7,12,18,11,18,0,-1,32,27,34,34,31,30,27,35,24,21,14,15,18
C1145,7,6,6,6,18,13,16,15,2,-2,34,26,31,26,32,37,34,30,19,18,20,22,23
